latitude,longitude,bright_ti4,scan,track,acq_date,acq_time,satellite,confidence,version,bright_ti5,frp,daynight,source_sensor,fire_class_id,biome_name
20.76082,85.2962,328.08,0.49,0.48,2026-09-19,716,N,nominal,2.0NRT,294.18,5.76,D,VIIRS,3,Agricultural Plains
20.78631,85.26122,328.63,0.49,0.49,2026-09-19,716,N,nominal,2.0NRT,294.54,6.08,D,VIIRS,3,Agricultural Plains
20.79428,85.25468,343.01,0.49,0.49,2026-09-19,716,N,nominal,2.0NRT,294.15,10.3,D,VIIRS,3,Agricultural Plains
20.95019,86.04843,343.04,0.44,0.46,2026-09-19,716,N,nominal,2.0NRT,294.97,8.66,D,VIIRS,3,Agricultural Plains
20.94941,86.04896,338.38,0.44,0.46,2026-09-19,716,N,nominal,2.0NRT,294.56,6.62,D,VIIRS,3,Agricultural Plains
20.96315,86.007,329.33,0.44,0.46,2026-09-19,716,N,nominal,2.0NRT,292.22,3.36,D,VIIRS,3,Agricultural Plains
20.88434,84.98519,329.1,0.51,0.49,2026-09-19,716,N,nominal,2.0NRT,293.95,8.77,D,VIIRS,3,Agricultural Plains
20.96249,85.19122,333.07,0.49,0.49,2026-09-19,716,N,nominal,2.0NRT,294.78,5.75,D,VIIRS,3,Agricultural Plains
21.07825,85.03847,350.45,0.5,0.49,2026-09-19,716,N,nominal,2.0NRT,292.89,14.23,D,VIIRS,3,Agricultural Plains
21.07533,85.03733,334.22,0.5,0.49,2026-09-19,716,N,nominal,2.0NRT,292.94,7.17,D,VIIRS,3,Agricultural Plains
21.07979,85.03632,341.96,0.5,0.49,2026-09-19,716,N,nominal,2.0NRT,290.87,6.14,D,VIIRS,3,Agricultural Plains
22.36836,91.37701,339.05,0.39,0.36,2026-09-19,716,N,nominal,2.0NRT,295.76,3.1,D,VIIRS,3,Agricultural Plains
22.36778,91.37329,337.72,0.39,0.36,2026-09-19,716,N,nominal,2.0NRT,295.81,3.1,D,VIIRS,3,Agricultural Plains
22.37109,91.3727,338.11,0.39,0.36,2026-09-19,716,N,nominal,2.0NRT,295.38,3.1,D,VIIRS,3,Agricultural Plains
22.32345,82.5928,342.72,0.34,0.56,2026-09-19,716,N,nominal,2.0NRT,291.82,5.69,D,VIIRS,3,Agricultural Plains
22.3206,82.59199,350.27,0.34,0.56,2026-09-19,716,N,nominal,2.0NRT,291.96,5.85,D,VIIRS,3,Agricultural Plains
22.32001,82.5649,327.47,0.34,0.56,2026-09-19,716,N,nominal,2.0NRT,292.39,3.52,D,VIIRS,3,Agricultural Plains
29.51828,89.06348,336.0,0.39,0.36,2026-09-19,718,N,nominal,2.0NRT,297.75,4.21,D,VIIRS,3,Agricultural Plains
31.21831,76.06273,348.79,0.44,0.62,2026-09-19,858,N,nominal,2.0NRT,298.5,4.23,D,VIIRS,3,Agricultural Plains
31.74733,75.04183,329.33,0.39,0.59,2026-09-19,858,N,nominal,2.0NRT,298.21,2.34,D,VIIRS,3,Agricultural Plains
29.66036,90.90591,297.32,0.44,0.38,2026-09-19,1942,N,nominal,2.0NRT,281.03,1.83,N,VIIRS,3,Agricultural Plains
29.65742,90.90102,303.43,0.44,0.38,2026-09-19,1942,N,nominal,2.0NRT,281.89,1.08,N,VIIRS,3,Agricultural Plains
29.26378,91.92558,313.98,0.41,0.37,2026-09-19,1942,N,nominal,2.0NRT,285.39,1.93,N,VIIRS,3,Agricultural Plains
24.11633,86.85782,305.37,0.4,0.44,2026-09-19,1945,N,nominal,2.0NRT,290.98,1.4,N,VIIRS,3,Agricultural Plains
24.11587,86.86176,315.21,0.4,0.44,2026-09-19,1945,N,nominal,2.0NRT,291.4,1.4,N,VIIRS,3,Agricultural Plains
24.45077,83.03903,303.43,0.34,0.56,2026-09-19,1945,N,nominal,2.0NRT,287.06,0.72,N,VIIRS,3,Agricultural Plains
24.20562,82.71011,305.22,0.36,0.57,2026-09-19,1945,N,nominal,2.0NRT,286.21,1.26,N,VIIRS,3,Agricultural Plains
24.202,82.7122,305.14,0.36,0.57,2026-09-19,1945,N,nominal,2.0NRT,286.59,1.76,N,VIIRS,3,Agricultural Plains
24.19627,82.71576,309.59,0.36,0.57,2026-09-19,1945,N,nominal,2.0NRT,286.5,1.56,N,VIIRS,3,Agricultural Plains
23.80615,86.33062,309.47,0.42,0.45,2026-09-19,1945,N,nominal,2.0NRT,290.27,1.4,N,VIIRS,3,Agricultural Plains
23.80195,86.33002,321.79,0.42,0.45,2026-09-19,1945,N,nominal,2.0NRT,290.73,2.69,N,VIIRS,3,Agricultural Plains
23.79945,86.35086,309.7,0.42,0.45,2026-09-19,1945,N,nominal,2.0NRT,290.4,1.74,N,VIIRS,3,Agricultural Plains
23.79876,86.32096,304.5,0.42,0.46,2026-09-19,1945,N,nominal,2.0NRT,289.96,2.23,N,VIIRS,3,Agricultural Plains
23.79526,86.35024,309.79,0.42,0.45,2026-09-19,1945,N,nominal,2.0NRT,290.26,1.74,N,VIIRS,3,Agricultural Plains
23.79475,86.35445,313.48,0.42,0.45,2026-09-19,1945,N,nominal,2.0NRT,290.11,1.35,N,VIIRS,3,Agricultural Plains
23.78188,86.39079,309.05,0.42,0.45,2026-09-19,1945,N,nominal,2.0NRT,290.14,1.41,N,VIIRS,3,Agricultural Plains
23.6962,87.0942,306.8,0.57,0.43,2026-09-19,1945,N,nominal,2.0NRT,289.18,2.04,N,VIIRS,3,Agricultural Plains
23.6948,87.10545,306.99,0.57,0.43,2026-09-19,1945,N,nominal,2.0NRT,289.54,3.2,N,VIIRS,3,Agricultural Plains
23.69341,87.11668,307.45,0.57,0.43,2026-09-19,1945,N,nominal,2.0NRT,290.26,2.83,N,VIIRS,3,Agricultural Plains
23.69271,87.1223,319.48,0.57,0.43,2026-09-19,1945,N,nominal,2.0NRT,290.86,2.83,N,VIIRS,3,Agricultural Plains
23.7777,86.39017,326.19,0.42,0.45,2026-09-19,1945,N,nominal,2.0NRT,290.73,1.67,N,VIIRS,3,Agricultural Plains
23.77968,86.37348,304.69,0.42,0.45,2026-09-19,1945,N,nominal,2.0NRT,290.36,1.23,N,VIIRS,3,Agricultural Plains
23.77819,86.38602,305.84,0.42,0.45,2026-09-19,1945,N,nominal,2.0NRT,290.09,1.67,N,VIIRS,3,Agricultural Plains
23.6915,87.09924,306.12,0.57,0.43,2026-09-19,1945,N,nominal,2.0NRT,288.77,2.4,N,VIIRS,3,Agricultural Plains
23.68871,87.12169,312.08,0.57,0.43,2026-09-19,1945,N,nominal,2.0NRT,290.44,3.53,N,VIIRS,3,Agricultural Plains
23.77649,86.3645,315.49,0.42,0.45,2026-09-19,1945,N,nominal,2.0NRT,290.46,1.58,N,VIIRS,3,Agricultural Plains
23.77401,86.38538,307.87,0.42,0.45,2026-09-19,1945,N,nominal,2.0NRT,290.15,1.67,N,VIIRS,3,Agricultural Plains
23.77229,86.36391,320.56,0.42,0.45,2026-09-19,1945,N,nominal,2.0NRT,289.97,2.46,N,VIIRS,3,Agricultural Plains
23.76736,86.40551,324.2,0.42,0.45,2026-09-19,1945,N,nominal,2.0NRT,290.85,2.31,N,VIIRS,3,Agricultural Plains
23.76785,86.40134,316.02,0.42,0.45,2026-09-19,1945,N,nominal,2.0NRT,290.57,2.31,N,VIIRS,3,Agricultural Plains
23.76317,86.40493,326.8,0.42,0.45,2026-09-19,1945,N,nominal,2.0NRT,290.4,2.31,N,VIIRS,3,Agricultural Plains
23.76466,86.3924,311.67,0.42,0.45,2026-09-19,1945,N,nominal,2.0NRT,291.22,3.69,N,VIIRS,3,Agricultural Plains
23.76367,86.40073,310.01,0.42,0.45,2026-09-19,1945,N,nominal,2.0NRT,289.93,2.31,N,VIIRS,3,Agricultural Plains
23.78168,86.21125,311.76,0.43,0.46,2026-09-19,1945,N,nominal,2.0NRT,291.01,1.5,N,VIIRS,3,Agricultural Plains
23.75949,86.4001,313.49,0.42,0.45,2026-09-19,1945,N,nominal,2.0NRT,290.3,2.23,N,VIIRS,3,Agricultural Plains
23.75899,86.40429,318.32,0.42,0.45,2026-09-19,1945,N,nominal,2.0NRT,290.14,2.23,N,VIIRS,3,Agricultural Plains
23.75334,86.41614,321.65,0.42,0.45,2026-09-19,1945,N,nominal,2.0NRT,289.96,2.58,N,VIIRS,3,Agricultural Plains
23.77795,86.20632,308.37,0.43,0.46,2026-09-19,1945,N,nominal,2.0NRT,291.02,1.5,N,VIIRS,3,Agricultural Plains
23.77745,86.21059,313.33,0.43,0.46,2026-09-19,1945,N,nominal,2.0NRT,291.32,1.5,N,VIIRS,3,Agricultural Plains
23.66458,87.15237,307.44,0.57,0.43,2026-09-19,1945,N,nominal,2.0NRT,290.16,2.33,N,VIIRS,3,Agricultural Plains
23.66389,87.158,316.19,0.57,0.43,2026-09-19,1945,N,nominal,2.0NRT,290.34,3.23,N,VIIRS,3,Agricultural Plains
23.73888,86.43074,303.99,0.42,0.45,2026-09-19,1945,N,nominal,2.0NRT,289.95,1.16,N,VIIRS,3,Agricultural Plains
23.7384,86.43486,317.89,0.42,0.45,2026-09-19,1945,N,nominal,2.0NRT,290.68,1.16,N,VIIRS,3,Agricultural Plains
23.73471,86.43014,305.13,0.42,0.45,2026-09-19,1945,N,nominal,2.0NRT,289.73,1.16,N,VIIRS,3,Agricultural Plains
23.73423,86.43424,305.06,0.42,0.45,2026-09-19,1945,N,nominal,2.0NRT,289.68,1.16,N,VIIRS,3,Agricultural Plains
23.73374,86.43837,305.56,0.42,0.45,2026-09-19,1945,N,nominal,2.0NRT,290.76,1.31,N,VIIRS,3,Agricultural Plains
23.67064,86.93469,307.63,0.39,0.44,2026-09-19,1945,N,nominal,2.0NRT,289.82,1.49,N,VIIRS,3,Agricultural Plains
23.77619,85.99534,306.44,0.44,0.46,2026-09-19,1945,N,nominal,2.0NRT,290.41,0.83,N,VIIRS,3,Agricultural Plains
23.7757,85.99969,306.51,0.44,0.46,2026-09-19,1945,N,nominal,2.0NRT,290.22,0.83,N,VIIRS,3,Agricultural Plains
23.72492,86.44128,309.54,0.42,0.45,2026-09-19,1945,N,nominal,2.0NRT,290.1,2.41,N,VIIRS,3,Agricultural Plains
23.72315,86.42001,304.98,0.42,0.45,2026-09-19,1945,N,nominal,2.0NRT,290.56,1.07,N,VIIRS,3,Agricultural Plains
23.6644,86.91805,305.88,0.39,0.44,2026-09-19,1945,N,nominal,2.0NRT,289.79,1.24,N,VIIRS,3,Agricultural Plains
23.82306,85.49478,305.51,0.48,0.48,2026-09-19,1945,N,nominal,2.0NRT,291.05,2.26,N,VIIRS,3,Agricultural Plains
23.71897,86.4194,309.58,0.42,0.45,2026-09-19,1945,N,nominal,2.0NRT,289.71,1.07,N,VIIRS,3,Agricultural Plains
23.7185,86.42349,305.78,0.42,0.45,2026-09-19,1945,N,nominal,2.0NRT,289.57,1.07,N,VIIRS,3,Agricultural Plains
23.71658,86.44003,304.06,0.42,0.45,2026-09-19,1945,N,nominal,2.0NRT,289.33,2.07,N,VIIRS,3,Agricultural Plains
23.7161,86.44417,305.05,0.42,0.45,2026-09-19,1945,N,nominal,2.0NRT,289.66,2.19,N,VIIRS,3,Agricultural Plains
23.71514,86.45243,305.89,0.42,0.45,2026-09-19,1945,N,nominal,2.0NRT,289.76,0.72,N,VIIRS,3,Agricultural Plains
23.71432,86.4229,310.27,0.42,0.45,2026-09-19,1945,N,nominal,2.0NRT,290.38,2.21,N,VIIRS,3,Agricultural Plains
23.71145,86.44766,304.39,0.42,0.45,2026-09-19,1945,N,nominal,2.0NRT,289.93,1.58,N,VIIRS,3,Agricultural Plains
23.71098,86.4518,309.5,0.42,0.45,2026-09-19,1945,N,nominal,2.0NRT,289.67,1.42,N,VIIRS,3,Agricultural Plains
23.71827,86.42102,317.17,0.42,0.45,2026-09-19,1945,N,nominal,2.0NRT,289.81,1.89,N,VIIRS,3,Agricultural Plains
23.71574,86.44164,303.78,0.42,0.45,2026-09-19,1945,N,nominal,2.0NRT,289.47,1.11,N,VIIRS,3,Agricultural Plains
23.71472,86.44988,306.47,0.42,0.45,2026-09-19,1945,N,nominal,2.0NRT,290.03,1.52,N,VIIRS,3,Agricultural Plains
23.71422,86.454,306.1,0.42,0.45,2026-09-19,1945,N,nominal,2.0NRT,289.81,1.3,N,VIIRS,3,Agricultural Plains
23.82438,85.49805,305.11,0.48,0.48,2026-09-19,1945,N,nominal,2.0NRT,290.66,1.47,N,VIIRS,3,Agricultural Plains
23.7136,86.42451,312.11,0.42,0.45,2026-09-19,1945,N,nominal,2.0NRT,290.55,1.89,N,VIIRS,3,Agricultural Plains
23.71056,86.44926,309.07,0.42,0.45,2026-09-19,1945,N,nominal,2.0NRT,289.81,1.52,N,VIIRS,3,Agricultural Plains
23.7597,85.86057,311.83,0.45,0.47,2026-09-19,1945,N,nominal,2.0NRT,290.27,2.04,N,VIIRS,3,Agricultural Plains
23.75642,85.85103,305.25,0.45,0.47,2026-09-19,1945,N,nominal,2.0NRT,290.27,1.61,N,VIIRS,3,Agricultural Plains
23.75589,85.85554,311.61,0.45,0.47,2026-09-19,1945,N,nominal,2.0NRT,290.89,1.61,N,VIIRS,3,Agricultural Plains
23.78637,85.55461,305.23,0.47,0.48,2026-09-19,1945,N,nominal,2.0NRT,290.34,1.07,N,VIIRS,3,Agricultural Plains
23.68787,86.39133,305.97,0.42,0.45,2026-09-19,1945,N,nominal,2.0NRT,289.86,1.02,N,VIIRS,3,Agricultural Plains
23.6837,86.3907,304.76,0.42,0.45,2026-09-19,1945,N,nominal,2.0NRT,289.55,1.02,N,VIIRS,3,Agricultural Plains
23.68319,86.3949,312.2,0.42,0.45,2026-09-19,1945,N,nominal,2.0NRT,290.01,1.02,N,VIIRS,3,Agricultural Plains
23.67852,86.3984,320.04,0.42,0.45,2026-09-19,1945,N,nominal,2.0NRT,290.98,2.1,N,VIIRS,3,Agricultural Plains
23.67435,86.39774,304.69,0.42,0.45,2026-09-19,1945,N,nominal,2.0NRT,289.98,2.1,N,VIIRS,3,Agricultural Plains
23.55857,87.24297,321.33,0.56,0.43,2026-09-19,1945,N,nominal,2.0NRT,289.67,2.73,N,VIIRS,3,Agricultural Plains
23.6996,86.07531,305.36,0.44,0.46,2026-09-19,1945,N,nominal,2.0NRT,290.24,1.03,N,VIIRS,3,Agricultural Plains
23.61442,86.78979,308.91,0.4,0.44,2026-09-19,1945,N,nominal,2.0NRT,283.88,1.65,N,VIIRS,3,Agricultural Plains
23.55926,87.23745,312.81,0.56,0.43,2026-09-19,1945,N,nominal,2.0NRT,289.45,2.73,N,VIIRS,3,Agricultural Plains
23.68579,86.08218,324.52,0.44,0.46,2026-09-19,1945,N,nominal,2.0NRT,290.39,2.25,N,VIIRS,3,Agricultural Plains
23.68152,86.08163,316.51,0.44,0.46,2026-09-19,1945,N,nominal,2.0NRT,290.42,3.07,N,VIIRS,3,Agricultural Plains
23.68002,86.09458,313.95,0.44,0.46,2026-09-19,1945,N,nominal,2.0NRT,290.26,2.66,N,VIIRS,3,Agricultural Plains
23.56194,87.08469,308.21,0.57,0.43,2026-09-19,1945,N,nominal,2.0NRT,289.59,2.05,N,VIIRS,3,Agricultural Plains
23.67675,86.08537,326.78,0.44,0.46,2026-09-19,1945,N,nominal,2.0NRT,290.91,3.07,N,VIIRS,3,Agricultural Plains
23.66723,86.09283,307.79,0.44,0.46,2026-09-19,1945,N,nominal,2.0NRT,290.14,1.16,N,VIIRS,3,Agricultural Plains
23.82908,84.57273,305.7,0.54,0.51,2026-09-19,1945,N,nominal,2.0NRT,287.56,1.35,N,VIIRS,3,Agricultural Plains
23.82438,84.57207,305.34,0.54,0.51,2026-09-19,1945,N,nominal,2.0NRT,287.49,1.35,N,VIIRS,3,Agricultural Plains
23.63107,86.2945,304.48,0.42,0.45,2026-09-19,1945,N,nominal,2.0NRT,289.94,1.04,N,VIIRS,3,Agricultural Plains
23.58066,86.7249,309.53,0.4,0.44,2026-09-19,1945,N,nominal,2.0NRT,289.16,1.01,N,VIIRS,3,Agricultural Plains
23.48711,87.36575,305.23,0.55,0.43,2026-09-19,1945,N,nominal,2.0NRT,288.01,1.39,N,VIIRS,3,Agricultural Plains
23.48318,87.36514,305.43,0.55,0.43,2026-09-19,1945,N,nominal,2.0NRT,288.11,1.39,N,VIIRS,3,Agricultural Plains
23.82765,84.57129,305.36,0.54,0.51,2026-09-19,1945,N,nominal,2.0NRT,287.5,2.87,N,VIIRS,3,Agricultural Plains
23.48398,87.36385,310.19,0.55,0.43,2026-09-19,1945,N,nominal,2.0NRT,288.33,2.32,N,VIIRS,3,Agricultural Plains
23.69631,85.36734,306.27,0.48,0.48,2026-09-19,1945,N,nominal,2.0NRT,289.66,1.21,N,VIIRS,3,Agricultural Plains
23.69607,85.28915,311.4,0.49,0.48,2026-09-19,1945,N,nominal,2.0NRT,289.8,1.97,N,VIIRS,3,Agricultural Plains
23.6738,85.32542,303.64,0.49,0.48,2026-09-19,1945,N,nominal,2.0NRT,289.3,1.0,N,VIIRS,3,Agricultural Plains
23.64769,85.43773,323.96,0.48,0.48,2026-09-19,1945,N,nominal,2.0NRT,290.48,3.29,N,VIIRS,3,Agricultural Plains
22.87554,86.06346,309.2,0.43,0.46,2026-09-19,1945,N,nominal,2.0NRT,289.71,1.18,N,VIIRS,3,Agricultural Plains
22.7983,86.20878,325.46,0.42,0.45,2026-09-19,1945,N,nominal,2.0NRT,289.3,2.04,N,VIIRS,3,Agricultural Plains
22.79508,86.20007,311.66,0.42,0.45,2026-09-19,1945,N,nominal,2.0NRT,289.68,1.43,N,VIIRS,3,Agricultural Plains
22.79138,86.19534,305.82,0.42,0.45,2026-09-19,1945,N,nominal,2.0NRT,290.12,1.79,N,VIIRS,3,Agricultural Plains
22.79041,86.20361,305.67,0.42,0.45,2026-09-19,1945,N,nominal,2.0NRT,289.88,1.43,N,VIIRS,3,Agricultural Plains
22.79934,86.09099,322.28,0.43,0.46,2026-09-19,1945,N,nominal,2.0NRT,289.96,1.7,N,VIIRS,3,Agricultural Plains
22.57471,85.89317,305.92,0.43,0.46,2026-09-19,1945,N,nominal,2.0NRT,289.07,2.23,N,VIIRS,3,Agricultural Plains
22.36652,87.29972,306.98,0.54,0.42,2026-09-19,1945,N,nominal,2.0NRT,276.61,2.59,N,VIIRS,3,Agricultural Plains
22.13252,85.38329,307.44,0.46,0.47,2026-09-19,1945,N,nominal,2.0NRT,289.45,1.09,N,VIIRS,3,Agricultural Plains
22.1327,85.38155,307.79,0.46,0.47,2026-09-19,1945,N,nominal,2.0NRT,289.32,1.18,N,VIIRS,3,Agricultural Plains
21.92415,85.22125,303.88,0.47,0.48,2026-09-19,1945,N,nominal,2.0NRT,288.91,1.49,N,VIIRS,3,Agricultural Plains
21.92459,85.22404,304.13,0.47,0.48,2026-09-19,1945,N,nominal,2.0NRT,289.05,1.87,N,VIIRS,3,Agricultural Plains
22.03751,83.73325,300.04,0.58,0.52,2026-09-19,1945,N,nominal,2.0NRT,276.58,2.1,N,VIIRS,3,Agricultural Plains
22.01565,83.75361,299.01,0.58,0.52,2026-09-19,1945,N,nominal,2.0NRT,273.93,0.98,N,VIIRS,3,Agricultural Plains
21.92144,83.34727,304.2,0.62,0.54,2026-09-19,1945,N,nominal,2.0NRT,274.36,1.35,N,VIIRS,3,Agricultural Plains
21.92083,83.35331,301.47,0.62,0.54,2026-09-19,1945,N,nominal,2.0NRT,272.74,1.35,N,VIIRS,3,Agricultural Plains
21.92154,83.34715,305.56,0.62,0.54,2026-09-19,1945,N,nominal,2.0NRT,274.82,2.37,N,VIIRS,3,Agricultural Plains
21.92089,83.35318,303.36,0.61,0.54,2026-09-19,1945,N,nominal,2.0NRT,274.17,1.58,N,VIIRS,3,Agricultural Plains
21.84134,83.98376,303.03,0.56,0.51,2026-09-19,1945,N,nominal,2.0NRT,285.4,0.88,N,VIIRS,3,Agricultural Plains
21.76984,84.0188,303.92,0.56,0.51,2026-09-19,1945,N,nominal,2.0NRT,286.08,1.67,N,VIIRS,3,Agricultural Plains
21.76509,84.01818,311.22,0.56,0.51,2026-09-19,1945,N,nominal,2.0NRT,286.69,1.67,N,VIIRS,3,Agricultural Plains
21.75499,84.02237,310.51,0.55,0.51,2026-09-19,1945,N,nominal,2.0NRT,286.73,3.77,N,VIIRS,3,Agricultural Plains
21.75407,84.02509,307.12,0.55,0.51,2026-09-19,1945,N,nominal,2.0NRT,286.35,3.89,N,VIIRS,3,Agricultural Plains
21.0005,86.02509,309.61,0.41,0.45,2026-09-19,1945,N,nominal,2.0NRT,288.08,1.42,N,VIIRS,3,Agricultural Plains
20.96647,86.01376,311.62,0.41,0.45,2026-09-19,1945,N,nominal,2.0NRT,287.35,1.31,N,VIIRS,3,Agricultural Plains
21.07853,85.0389,340.02,0.47,0.48,2026-09-19,1945,N,nominal,2.0NRT,290.64,4.28,N,VIIRS,3,Agricultural Plains
21.07908,85.03436,319.84,0.47,0.48,2026-09-19,1945,N,nominal,2.0NRT,290.2,4.28,N,VIIRS,3,Agricultural Plains
21.07798,85.0435,307.46,0.47,0.48,2026-09-19,1945,N,nominal,2.0NRT,289.27,1.07,N,VIIRS,3,Agricultural Plains
20.95371,86.04803,309.29,0.41,0.45,2026-09-19,1945,N,nominal,2.0NRT,287.78,1.57,N,VIIRS,3,Agricultural Plains
21.07412,85.03835,306.16,0.47,0.48,2026-09-19,1945,N,nominal,2.0NRT,289.63,4.28,N,VIIRS,3,Agricultural Plains
21.07357,85.04292,308.06,0.47,0.48,2026-09-19,1945,N,nominal,2.0NRT,288.99,1.07,N,VIIRS,3,Agricultural Plains
21.07302,85.04753,307.63,0.47,0.48,2026-09-19,1945,N,nominal,2.0NRT,289.26,1.07,N,VIIRS,3,Agricultural Plains
20.94959,86.04742,314.35,0.41,0.45,2026-09-19,1945,N,nominal,2.0NRT,287.93,1.57,N,VIIRS,3,Agricultural Plains
20.97816,85.17166,311.76,0.46,0.47,2026-09-19,1945,N,nominal,2.0NRT,289.46,1.54,N,VIIRS,3,Agricultural Plains
20.97327,85.17558,305.15,0.46,0.47,2026-09-19,1945,N,nominal,2.0NRT,289.25,2.35,N,VIIRS,3,Agricultural Plains
20.96891,85.175,327.86,0.46,0.47,2026-09-19,1945,N,nominal,2.0NRT,289.57,2.35,N,VIIRS,3,Agricultural Plains
20.97149,85.1526,309.59,0.46,0.47,2026-09-19,1945,N,nominal,2.0NRT,288.99,1.47,N,VIIRS,3,Agricultural Plains
20.96942,85.17052,306.04,0.46,0.47,2026-09-19,1945,N,nominal,2.0NRT,289.23,2.44,N,VIIRS,3,Agricultural Plains
20.97773,85.16917,308.18,0.46,0.47,2026-09-19,1945,N,nominal,2.0NRT,289.3,1.06,N,VIIRS,3,Agricultural Plains
20.97717,85.17365,308.98,0.46,0.47,2026-09-19,1945,N,nominal,2.0NRT,289.14,1.06,N,VIIRS,3,Agricultural Plains
20.96789,85.177,323.54,0.46,0.47,2026-09-19,1945,N,nominal,2.0NRT,289.21,3.67,N,VIIRS,3,Agricultural Plains
20.97064,85.15461,312.06,0.46,0.47,2026-09-19,1945,N,nominal,2.0NRT,289.16,1.97,N,VIIRS,3,Agricultural Plains
20.96844,85.17252,309.08,0.46,0.47,2026-09-19,1945,N,nominal,2.0NRT,289.36,3.38,N,VIIRS,3,Agricultural Plains
20.96517,85.16301,312.34,0.46,0.47,2026-09-19,1945,N,nominal,2.0NRT,289.33,2.49,N,VIIRS,3,Agricultural Plains
20.96462,85.16748,316.33,0.46,0.47,2026-09-19,1945,N,nominal,2.0NRT,289.55,2.36,N,VIIRS,3,Agricultural Plains
20.96408,85.17196,309.85,0.46,0.47,2026-09-19,1945,N,nominal,2.0NRT,289.55,2.36,N,VIIRS,3,Agricultural Plains
20.96353,85.17641,309.38,0.46,0.47,2026-09-19,1945,N,nominal,2.0NRT,289.55,1.42,N,VIIRS,3,Agricultural Plains
20.96299,85.18086,307.1,0.46,0.47,2026-09-19,1945,N,nominal,2.0NRT,289.27,1.42,N,VIIRS,3,Agricultural Plains
20.96245,85.18526,314.09,0.46,0.47,2026-09-19,1945,N,nominal,2.0NRT,289.27,1.98,N,VIIRS,3,Agricultural Plains
20.96191,85.18964,317.46,0.46,0.47,2026-09-19,1945,N,nominal,2.0NRT,289.38,1.98,N,VIIRS,3,Agricultural Plains
20.95681,85.01095,305.88,0.47,0.48,2026-09-19,1945,N,nominal,2.0NRT,289.34,2.2,N,VIIRS,3,Agricultural Plains
20.88887,84.97883,305.54,0.47,0.48,2026-09-19,1945,N,nominal,2.0NRT,288.52,2.27,N,VIIRS,3,Agricultural Plains
20.88835,84.98338,308.27,0.47,0.48,2026-09-19,1945,N,nominal,2.0NRT,288.67,1.71,N,VIIRS,3,Agricultural Plains
20.88393,84.9828,321.32,0.47,0.48,2026-09-19,1945,N,nominal,2.0NRT,289.1,1.71,N,VIIRS,3,Agricultural Plains
20.88954,84.98176,314.01,0.47,0.48,2026-09-19,1945,N,nominal,2.0NRT,288.74,2.25,N,VIIRS,3,Agricultural Plains
20.88512,84.98122,326.2,0.47,0.48,2026-09-19,1945,N,nominal,2.0NRT,288.85,2.25,N,VIIRS,3,Agricultural Plains
20.86636,84.98807,308.13,0.47,0.48,2026-09-19,1945,N,nominal,2.0NRT,288.59,1.21,N,VIIRS,3,Agricultural Plains
20.86583,84.99248,306.79,0.47,0.48,2026-09-19,1945,N,nominal,2.0NRT,288.38,3.08,N,VIIRS,3,Agricultural Plains
20.86196,84.98734,311.98,0.47,0.48,2026-09-19,1945,N,nominal,2.0NRT,288.0,0.95,N,VIIRS,3,Agricultural Plains
20.80744,85.25566,321.02,0.45,0.47,2026-09-19,1945,N,nominal,2.0NRT,289.5,2.9,N,VIIRS,3,Agricultural Plains
20.79444,85.25397,338.33,0.45,0.47,2026-09-19,1945,N,nominal,2.0NRT,288.87,6.19,N,VIIRS,3,Agricultural Plains
20.78475,85.26138,315.06,0.45,0.47,2026-09-19,1945,N,nominal,2.0NRT,288.21,1.58,N,VIIRS,3,Agricultural Plains
20.78423,85.26575,313.1,0.45,0.47,2026-09-19,1945,N,nominal,2.0NRT,287.45,1.58,N,VIIRS,3,Agricultural Plains
20.759,85.29333,306.38,0.45,0.47,2026-09-19,1945,N,nominal,2.0NRT,287.26,1.47,N,VIIRS,3,Agricultural Plains
20.75848,85.29771,309.73,0.45,0.47,2026-09-19,1945,N,nominal,2.0NRT,287.45,1.47,N,VIIRS,3,Agricultural Plains
22.26406,75.13526,304.57,0.6,0.53,2026-09-19,2123,N,nominal,2.0NRT,291.13,1.32,N,VIIRS,3,Agricultural Plains
28.67086,77.56998,303.95,0.62,0.54,2026-09-19,2123,N,nominal,2.0NRT,293.87,1.74,N,VIIRS,3,Agricultural Plains
27.66952,76.12982,305.89,0.54,0.51,2026-09-19,2125,N,nominal,2.0NRT,295.11,1.55,N,VIIRS,3,Agricultural Plains
20.88891,84.97933,327.25,0.51,0.66,2026-09-20,657,N,nominal,2.0NRT,278.36,1.25,D,VIIRS,3,Agricultural Plains
21.07579,85.03978,331.7,0.5,0.66,2026-09-20,657,N,nominal,2.0NRT,277.55,8.92,D,VIIRS,3,Agricultural Plains
22.32475,82.59406,341.78,0.66,0.73,2026-09-20,657,N,nominal,2.0NRT,285.11,9.38,D,VIIRS,3,Agricultural Plains
22.32036,82.59339,342.69,0.66,0.73,2026-09-20,657,N,nominal,2.0NRT,285.06,7.81,D,VIIRS,3,Agricultural Plains
29.26811,91.92158,336.68,0.44,0.38,2026-09-20,659,N,nominal,2.0NRT,302.04,3.16,D,VIIRS,3,Agricultural Plains
22.35868,82.30519,329.11,0.44,0.63,2026-09-20,837,N,nominal,2.0NRT,288.88,4.82,D,VIIRS,3,Agricultural Plains
22.35828,82.30085,336.27,0.44,0.63,2026-09-20,837,N,nominal,2.0NRT,288.63,4.82,D,VIIRS,3,Agricultural Plains
22.35785,82.30502,329.65,0.44,0.63,2026-09-20,837,N,nominal,2.0NRT,288.96,4.28,D,VIIRS,3,Agricultural Plains
22.35748,82.30067,336.21,0.44,0.63,2026-09-20,837,N,nominal,2.0NRT,288.11,4.28,D,VIIRS,3,Agricultural Plains
31.1416,76.02649,341.57,0.46,0.47,2026-09-20,839,N,nominal,2.0NRT,303.42,10.52,D,VIIRS,3,Agricultural Plains
31.19417,75.01112,344.31,0.4,0.45,2026-09-20,839,N,nominal,2.0NRT,301.75,4.43,D,VIIRS,3,Agricultural Plains
31.36599,76.0065,331.51,0.46,0.47,2026-09-20,839,N,low,2.0NRT,303.14,2.25,D,VIIRS,3,Agricultural Plains
31.70499,75.15134,336.74,0.42,0.45,2026-09-20,839,N,nominal,2.0NRT,305.87,3.43,D,VIIRS,3,Agricultural Plains
31.73768,75.00512,339.71,0.41,0.45,2026-09-20,839,N,nominal,2.0NRT,303.79,4.33,D,VIIRS,3,Agricultural Plains
23.80265,86.33012,309.34,0.42,0.61,2026-09-20,1923,N,nominal,2.0NRT,273.46,1.59,N,VIIRS,3,Agricultural Plains
23.76783,86.40233,314.63,0.42,0.61,2026-09-20,1923,N,nominal,2.0NRT,282.0,3.98,N,VIIRS,3,Agricultural Plains
23.76747,86.40658,313.67,0.42,0.61,2026-09-20,1923,N,nominal,2.0NRT,282.12,3.33,N,VIIRS,3,Agricultural Plains
23.80137,86.32865,302.25,0.42,0.61,2026-09-20,1923,N,nominal,2.0NRT,273.8,2.01,N,VIIRS,3,Agricultural Plains
23.76567,86.40509,325.69,0.42,0.61,2026-09-20,1923,N,nominal,2.0NRT,282.51,5.3,N,VIIRS,3,Agricultural Plains
23.76039,86.40017,310.48,0.42,0.61,2026-09-20,1923,N,nominal,2.0NRT,282.49,1.55,N,VIIRS,3,Agricultural Plains
23.76,86.40443,304.58,0.42,0.61,2026-09-20,1923,N,nominal,2.0NRT,282.19,1.55,N,VIIRS,3,Agricultural Plains
23.75321,86.4163,316.72,0.41,0.61,2026-09-20,1923,N,nominal,2.0NRT,282.13,1.82,N,VIIRS,3,Agricultural Plains
23.74003,86.43561,304.1,0.41,0.61,2026-09-20,1923,N,nominal,2.0NRT,281.54,1.43,N,VIIRS,3,Agricultural Plains
23.73474,86.43078,305.57,0.41,0.61,2026-09-20,1923,N,nominal,2.0NRT,281.59,0.93,N,VIIRS,3,Agricultural Plains
23.73438,86.4349,303.62,0.41,0.61,2026-09-20,1923,N,nominal,2.0NRT,281.36,0.93,N,VIIRS,3,Agricultural Plains
23.72269,86.43774,304.11,0.41,0.61,2026-09-20,1923,N,nominal,2.0NRT,282.18,1.15,N,VIIRS,3,Agricultural Plains
23.71849,86.42043,309.6,0.41,0.61,2026-09-20,1923,N,nominal,2.0NRT,280.79,1.94,N,VIIRS,3,Agricultural Plains
23.71667,86.44122,304.62,0.41,0.61,2026-09-20,1923,N,nominal,2.0NRT,281.98,1.15,N,VIIRS,3,Agricultural Plains
23.71247,86.4239,304.45,0.41,0.61,2026-09-20,1923,N,nominal,2.0NRT,281.32,1.34,N,VIIRS,3,Agricultural Plains
23.68666,86.39141,304.65,0.42,0.61,2026-09-20,1923,N,nominal,2.0NRT,278.95,1.03,N,VIIRS,3,Agricultural Plains
23.68062,86.39497,301.52,0.42,0.61,2026-09-20,1923,N,nominal,2.0NRT,278.72,2.1,N,VIIRS,3,Agricultural Plains
23.68027,86.39914,302.85,0.41,0.61,2026-09-20,1923,N,nominal,2.0NRT,278.71,0.95,N,VIIRS,3,Agricultural Plains
23.67461,86.39834,302.93,0.41,0.61,2026-09-20,1923,N,nominal,2.0NRT,278.69,0.95,N,VIIRS,3,Agricultural Plains
23.6842,86.39069,302.6,0.41,0.61,2026-09-20,1923,N,nominal,2.0NRT,278.35,0.82,N,VIIRS,3,Agricultural Plains
23.68381,86.39499,304.32,0.41,0.61,2026-09-20,1923,N,nominal,2.0NRT,278.67,0.82,N,VIIRS,3,Agricultural Plains
23.67776,86.39841,312.16,0.41,0.61,2026-09-20,1923,N,nominal,2.0NRT,279.04,2.1,N,VIIRS,3,Agricultural Plains
23.68201,86.09537,307.44,0.43,0.62,2026-09-20,1923,N,nominal,2.0NRT,279.27,1.77,N,VIIRS,3,Agricultural Plains
23.67699,86.08612,303.8,0.43,0.62,2026-09-20,1923,N,nominal,2.0NRT,279.71,1.69,N,VIIRS,3,Agricultural Plains
23.56016,87.23779,309.69,0.37,0.58,2026-09-20,1923,N,nominal,2.0NRT,283.82,2.44,N,VIIRS,3,Agricultural Plains
23.55981,87.24145,317.54,0.37,0.58,2026-09-20,1923,N,nominal,2.0NRT,283.65,1.56,N,VIIRS,3,Agricultural Plains
23.55444,87.24084,303.39,0.37,0.58,2026-09-20,1923,N,nominal,2.0NRT,282.2,1.15,N,VIIRS,3,Agricultural Plains
23.5802,86.72306,298.42,0.39,0.6,2026-09-20,1923,N,nominal,2.0NRT,283.15,1.57,N,VIIRS,3,Agricultural Plains
23.69631,85.28792,302.32,0.49,0.65,2026-09-20,1923,N,nominal,2.0NRT,282.89,1.12,N,VIIRS,3,Agricultural Plains
22.09886,85.35068,296.61,0.46,0.64,2026-09-20,1925,N,nominal,2.0NRT,284.45,0.84,N,VIIRS,3,Agricultural Plains
22.03127,83.36603,299.94,0.62,0.71,2026-09-20,1925,N,nominal,2.0NRT,276.33,2.08,N,VIIRS,3,Agricultural Plains
21.9182,83.34815,298.34,0.62,0.71,2026-09-20,1925,N,nominal,2.0NRT,271.5,0.8,N,VIIRS,3,Agricultural Plains
21.92182,83.34976,305.65,0.62,0.71,2026-09-20,1925,N,nominal,2.0NRT,272.55,1.31,N,VIIRS,3,Agricultural Plains
20.96284,86.04884,302.97,0.41,0.6,2026-09-20,1925,N,nominal,2.0NRT,280.7,1.09,N,VIIRS,3,Agricultural Plains
20.95199,86.04358,305.49,0.41,0.6,2026-09-20,1925,N,nominal,2.0NRT,281.57,1.13,N,VIIRS,3,Agricultural Plains
20.9516,86.04755,302.11,0.41,0.6,2026-09-20,1925,N,nominal,2.0NRT,280.95,1.29,N,VIIRS,3,Agricultural Plains
20.97639,85.17077,304.88,0.46,0.64,2026-09-20,1925,N,nominal,2.0NRT,284.13,0.8,N,VIIRS,3,Agricultural Plains
20.97002,85.17482,308.77,0.46,0.64,2026-09-20,1925,N,nominal,2.0NRT,283.85,1.59,N,VIIRS,3,Agricultural Plains
20.96961,85.17944,305.41,0.46,0.64,2026-09-20,1925,N,nominal,2.0NRT,284.27,1.64,N,VIIRS,3,Agricultural Plains
29.22533,88.34993,302.41,0.36,0.58,2026-09-20,1921,N,nominal,2.0NRT,280.01,0.93,N,VIIRS,3,Agricultural Plains
20.9649,85.16504,305.95,0.46,0.64,2026-09-20,1925,N,nominal,2.0NRT,284.47,3.04,N,VIIRS,3,Agricultural Plains
20.96449,85.16962,307.87,0.46,0.64,2026-09-20,1925,N,nominal,2.0NRT,283.51,1.59,N,VIIRS,3,Agricultural Plains
20.96408,85.17424,310.65,0.46,0.64,2026-09-20,1925,N,nominal,2.0NRT,284.37,1.59,N,VIIRS,3,Agricultural Plains
20.96325,85.18336,302.95,0.46,0.64,2026-09-20,1925,N,nominal,2.0NRT,284.1,1.64,N,VIIRS,3,Agricultural Plains
20.96285,85.18785,312.36,0.46,0.64,2026-09-20,1925,N,nominal,2.0NRT,285.35,2.27,N,VIIRS,3,Agricultural Plains
20.96222,85.16368,305.57,0.46,0.64,2026-09-20,1925,N,nominal,2.0NRT,284.99,1.05,N,VIIRS,3,Agricultural Plains
20.96178,85.16828,303.43,0.46,0.64,2026-09-20,1925,N,nominal,2.0NRT,284.11,1.05,N,VIIRS,3,Agricultural Plains
20.96134,85.17287,305.57,0.46,0.64,2026-09-20,1925,N,nominal,2.0NRT,283.99,1.67,N,VIIRS,3,Agricultural Plains
20.96003,85.18647,303.51,0.46,0.64,2026-09-20,1925,N,nominal,2.0NRT,285.1,1.28,N,VIIRS,3,Agricultural Plains
20.8058,85.258,298.67,0.46,0.63,2026-09-20,1925,N,nominal,2.0NRT,276.91,0.72,N,VIIRS,3,Agricultural Plains
20.79441,85.25239,314.61,0.46,0.63,2026-09-20,1925,N,nominal,2.0NRT,277.54,2.59,N,VIIRS,3,Agricultural Plains
20.78769,85.2605,300.13,0.45,0.63,2026-09-20,1925,N,nominal,2.0NRT,279.43,1.74,N,VIIRS,3,Agricultural Plains
20.78727,85.26496,305.6,0.45,0.63,2026-09-20,1925,N,nominal,2.0NRT,279.56,1.39,N,VIIRS,3,Agricultural Plains
20.7608,85.29372,305.19,0.45,0.63,2026-09-20,1925,N,nominal,2.0NRT,282.7,2.48,N,VIIRS,3,Agricultural Plains
20.76037,85.29834,311.47,0.45,0.63,2026-09-20,1925,N,nominal,2.0NRT,283.25,2.08,N,VIIRS,3,Agricultural Plains
26.75983,83.19746,303.31,0.7,0.75,2026-09-20,1923,N,nominal,2.0NRT,284.79,1.1,N,VIIRS,3,Agricultural Plains
21.45891,81.8028,303.23,0.41,0.61,2026-09-20,2106,N,nominal,2.0NRT,285.0,0.46,N,VIIRS,3,Agricultural Plains
21.37567,81.68205,307.11,0.4,0.6,2026-09-20,2106,N,nominal,2.0NRT,285.84,1.62,N,VIIRS,3,Agricultural Plains
21.38973,81.64839,305.41,0.4,0.6,2026-09-20,2106,N,nominal,2.0NRT,286.54,0.71,N,VIIRS,3,Agricultural Plains
21.37659,81.68169,312.49,0.4,0.6,2026-09-20,2106,N,nominal,2.0NRT,285.89,1.57,N,VIIRS,3,Agricultural Plains
21.31013,81.59108,305.4,0.4,0.6,2026-09-20,2106,N,nominal,2.0NRT,282.91,0.69,N,VIIRS,3,Agricultural Plains
21.18903,81.38966,302.22,0.39,0.59,2026-09-20,2106,N,nominal,2.0NRT,282.62,1.18,N,VIIRS,3,Agricultural Plains
22.2647,75.13119,305.61,0.48,0.4,2026-09-20,2106,N,nominal,2.0NRT,290.52,0.8,N,VIIRS,3,Agricultural Plains
21.25071,79.20749,300.97,0.57,0.52,2026-09-20,2106,N,nominal,2.0NRT,274.93,0.79,N,VIIRS,3,Agricultural Plains
31.25842,76.92686,301.65,0.44,0.38,2026-09-20,2104,N,nominal,2.0NRT,289.55,0.63,N,VIIRS,3,Agricultural Plains
31.25062,76.9295,300.27,0.44,0.38,2026-09-20,2104,N,nominal,2.0NRT,289.69,0.34,N,VIIRS,3,Agricultural Plains
28.95865,77.71369,306.95,0.51,0.41,2026-09-20,2104,N,nominal,2.0NRT,294.79,1.61,N,VIIRS,3,Agricultural Plains
29.12281,75.77964,317.01,0.42,0.38,2026-09-20,2104,N,nominal,2.0NRT,296.36,1.93,N,VIIRS,3,Agricultural Plains
28.85201,77.14511,312.04,0.48,0.4,2026-09-20,2104,N,nominal,2.0NRT,294.09,1.35,N,VIIRS,3,Agricultural Plains
28.37272,77.22691,306.79,0.49,0.41,2026-09-20,2104,N,nominal,2.0NRT,293.85,0.68,N,VIIRS,3,Agricultural Plains
28.34756,77.25748,307.38,0.5,0.41,2026-09-20,2104,N,nominal,2.0NRT,294.12,1.07,N,VIIRS,3,Agricultural Plains
28.34496,77.23066,308.48,0.5,0.41,2026-09-20,2104,N,nominal,2.0NRT,293.75,1.43,N,VIIRS,3,Agricultural Plains
26.75961,83.20028,307.92,0.38,0.59,2026-09-20,2104,N,nominal,2.0NRT,283.82,1.05,N,VIIRS,3,Agricultural Plains
27.66689,76.13145,312.2,0.45,0.39,2026-09-20,2104,N,nominal,2.0NRT,295.34,1.77,N,VIIRS,3,Agricultural Plains
26.70224,77.84677,306.85,0.56,0.43,2026-09-20,2104,N,nominal,2.0NRT,291.69,2.49,N,VIIRS,3,Agricultural Plains
23.80322,86.3271,302.81,0.69,0.74,2026-09-20,2104,N,nominal,2.0NRT,280.0,1.9,N,VIIRS,3,Agricultural Plains
23.80147,86.33381,298.0,0.69,0.74,2026-09-20,2104,N,nominal,2.0NRT,281.06,2.08,N,VIIRS,3,Agricultural Plains
23.79615,86.35421,303.27,0.69,0.74,2026-09-20,2104,N,nominal,2.0NRT,281.15,2.48,N,VIIRS,3,Agricultural Plains
23.78268,86.21214,297.79,0.68,0.74,2026-09-20,2104,N,nominal,2.0NRT,280.97,2.22,N,VIIRS,3,Agricultural Plains
23.78287,86.2057,297.88,0.68,0.74,2026-09-20,2104,N,nominal,2.0NRT,281.11,1.22,N,VIIRS,3,Agricultural Plains
23.78116,86.21237,299.0,0.68,0.74,2026-09-20,2104,N,nominal,2.0NRT,281.34,1.22,N,VIIRS,3,Agricultural Plains
25.43332,78.62933,309.54,0.44,0.46,2026-09-20,2104,N,nominal,2.0NRT,290.54,0.66,N,VIIRS,3,Agricultural Plains
24.20395,82.52426,303.01,0.4,0.6,2026-09-20,2104,N,nominal,2.0NRT,287.7,0.97,N,VIIRS,3,Agricultural Plains
23.16632,82.33922,311.43,0.41,0.6,2026-09-20,2106,N,nominal,2.0NRT,276.65,2.31,N,VIIRS,3,Agricultural Plains
23.1654,82.34323,308.42,0.41,0.61,2026-09-20,2106,N,nominal,2.0NRT,276.39,1.36,N,VIIRS,3,Agricultural Plains
21.98568,83.23323,303.98,0.49,0.65,2026-09-20,2106,N,nominal,2.0NRT,281.22,0.88,N,VIIRS,3,Agricultural Plains
21.87811,83.55508,304.53,0.52,0.66,2026-09-20,2106,N,nominal,2.0NRT,284.76,0.83,N,VIIRS,3,Agricultural Plains
21.76704,84.01956,300.4,0.55,0.68,2026-09-20,2106,N,nominal,2.0NRT,269.79,1.53,N,VIIRS,3,Agricultural Plains
21.9209,83.34761,296.74,0.5,0.66,2026-09-20,2106,N,nominal,2.0NRT,276.82,0.86,N,VIIRS,3,Agricultural Plains
21.91975,83.35246,305.69,0.5,0.66,2026-09-20,2106,N,nominal,2.0NRT,276.69,0.86,N,VIIRS,3,Agricultural Plains
21.75956,84.02314,298.34,0.55,0.68,2026-09-20,2106,N,nominal,2.0NRT,270.0,1.61,N,VIIRS,3,Agricultural Plains
21.87899,83.49741,302.25,0.51,0.66,2026-09-20,2106,N,nominal,2.0NRT,285.53,0.82,N,VIIRS,3,Agricultural Plains
21.76329,83.84416,299.24,0.54,0.68,2026-09-20,2106,N,nominal,2.0NRT,276.0,1.86,N,VIIRS,3,Agricultural Plains
21.76201,83.84943,305.92,0.54,0.68,2026-09-20,2106,N,nominal,2.0NRT,276.89,2.61,N,VIIRS,3,Agricultural Plains
21.75715,83.84244,314.15,0.54,0.68,2026-09-20,2106,N,nominal,2.0NRT,276.56,1.86,N,VIIRS,3,Agricultural Plains
21.75104,83.84061,312.83,0.54,0.68,2026-09-20,2106,N,nominal,2.0NRT,277.22,2.29,N,VIIRS,3,Agricultural Plains
21.74975,83.84591,300.15,0.54,0.68,2026-09-20,2106,N,nominal,2.0NRT,276.94,1.53,N,VIIRS,3,Agricultural Plains
21.74493,83.83875,300.68,0.54,0.68,2026-09-20,2106,N,nominal,2.0NRT,278.16,2.29,N,VIIRS,3,Agricultural Plains
21.74364,83.84407,304.79,0.54,0.68,2026-09-20,2106,N,nominal,2.0NRT,277.46,1.53,N,VIIRS,3,Agricultural Plains
21.76482,83.84669,299.91,0.54,0.68,2026-09-20,2106,N,nominal,2.0NRT,276.1,0.94,N,VIIRS,3,Agricultural Plains
21.75869,83.84494,312.22,0.54,0.68,2026-09-20,2106,N,nominal,2.0NRT,276.82,2.06,N,VIIRS,3,Agricultural Plains
21.75256,83.84317,310.48,0.54,0.68,2026-09-20,2106,N,nominal,2.0NRT,277.38,2.06,N,VIIRS,3,Agricultural Plains
21.74646,83.84129,326.18,0.54,0.68,2026-09-20,2106,N,nominal,2.0NRT,278.64,5.01,N,VIIRS,3,Agricultural Plains
21.67992,84.03791,297.79,0.56,0.69,2026-09-20,2106,N,nominal,2.0NRT,266.98,1.04,N,VIIRS,3,Agricultural Plains
20.9677,86.00958,324.51,0.76,0.77,2026-09-20,2106,N,nominal,2.0NRT,269.16,3.68,N,VIIRS,3,Agricultural Plains
20.96962,86.00217,297.69,0.76,0.77,2026-09-20,2106,N,nominal,2.0NRT,270.35,2.99,N,VIIRS,3,Agricultural Plains
20.96578,86.01697,305.13,0.76,0.77,2026-09-20,2106,N,nominal,2.0NRT,267.65,3.68,N,VIIRS,3,Agricultural Plains
20.97068,86.01198,327.67,0.76,0.77,2026-09-20,2106,N,nominal,2.0NRT,268.8,2.53,N,VIIRS,3,Agricultural Plains
20.97256,86.00454,296.17,0.76,0.77,2026-09-20,2106,N,nominal,2.0NRT,270.22,2.53,N,VIIRS,3,Agricultural Plains
20.96881,86.01936,299.84,0.76,0.77,2026-09-20,2106,N,nominal,2.0NRT,267.74,3.08,N,VIIRS,3,Agricultural Plains
20.96562,86.00231,296.98,0.76,0.77,2026-09-20,2106,N,nominal,2.0NRT,272.5,2.53,N,VIIRS,3,Agricultural Plains
20.96374,86.00974,306.43,0.76,0.77,2026-09-20,2106,N,nominal,2.0NRT,271.24,2.53,N,VIIRS,3,Agricultural Plains
21.80042,82.03914,305.39,0.42,0.61,2026-09-20,2106,N,nominal,2.0NRT,282.17,0.85,N,VIIRS,3,Agricultural Plains
20.9813,85.13518,304.96,0.67,0.74,2026-09-20,2106,N,nominal,2.0NRT,283.86,3.47,N,VIIRS,3,Agricultural Plains
20.97153,85.1739,311.92,0.68,0.74,2026-09-20,2106,N,nominal,2.0NRT,283.13,1.77,N,VIIRS,3,Agricultural Plains
20.96647,85.1655,299.64,0.68,0.74,2026-09-20,2106,N,nominal,2.0NRT,282.96,1.77,N,VIIRS,3,Agricultural Plains
20.96485,85.17191,305.13,0.68,0.74,2026-09-20,2106,N,nominal,2.0NRT,283.08,1.77,N,VIIRS,3,Agricultural Plains
20.96322,85.17836,302.41,0.68,0.74,2026-09-20,2106,N,nominal,2.0NRT,283.16,3.12,N,VIIRS,3,Agricultural Plains
20.96156,85.18494,316.39,0.68,0.74,2026-09-20,2106,N,nominal,2.0NRT,283.13,3.12,N,VIIRS,3,Agricultural Plains
20.9776,85.17252,301.99,0.68,0.74,2026-09-20,2106,N,nominal,2.0NRT,283.44,1.48,N,VIIRS,3,Agricultural Plains
20.9805,85.13157,304.5,0.67,0.74,2026-09-20,2106,N,nominal,2.0NRT,284.42,1.47,N,VIIRS,3,Agricultural Plains
20.97889,85.13812,299.89,0.67,0.74,2026-09-20,2106,N,nominal,2.0NRT,283.86,1.47,N,VIIRS,3,Agricultural Plains
20.97093,85.17047,307.08,0.68,0.74,2026-09-20,2106,N,nominal,2.0NRT,282.94,1.48,N,VIIRS,3,Agricultural Plains
20.96935,85.17689,302.06,0.68,0.74,2026-09-20,2106,N,nominal,2.0NRT,283.06,1.48,N,VIIRS,3,Agricultural Plains
20.96775,85.18339,303.39,0.68,0.74,2026-09-20,2106,N,nominal,2.0NRT,283.1,1.57,N,VIIRS,3,Agricultural Plains
20.9661,85.1901,301.67,0.68,0.74,2026-09-20,2106,N,nominal,2.0NRT,282.96,1.57,N,VIIRS,3,Agricultural Plains
20.96427,85.16842,303.54,0.68,0.74,2026-09-20,2106,N,nominal,2.0NRT,283.43,1.88,N,VIIRS,3,Agricultural Plains
20.96268,85.17488,300.44,0.68,0.74,2026-09-20,2106,N,nominal,2.0NRT,283.03,1.88,N,VIIRS,3,Agricultural Plains
20.96107,85.18143,305.64,0.68,0.74,2026-09-20,2106,N,nominal,2.0NRT,283.09,1.84,N,VIIRS,3,Agricultural Plains
20.95941,85.18815,299.43,0.68,0.74,2026-09-20,2106,N,nominal,2.0NRT,283.31,1.84,N,VIIRS,3,Agricultural Plains
21.57411,82.02424,304.79,0.42,0.61,2026-09-20,2106,N,nominal,2.0NRT,286.29,1.04,N,VIIRS,3,Agricultural Plains
20.7595,85.29628,311.84,0.7,0.75,2026-09-20,2106,N,nominal,2.0NRT,278.94,4.76,N,VIIRS,3,Agricultural Plains
20.75919,85.29675,312.93,0.7,0.75,2026-09-20,2106,N,nominal,2.0NRT,278.51,3.03,N,VIIRS,3,Agricultural Plains
21.05754,75.62813,338.9,0.39,0.36,2026-09-21,818,N,nominal,2.0NRT,302.75,3.12,D,VIIRS,3,Agricultural Plains
22.69435,75.37374,331.25,0.39,0.36,2026-09-21,818,N,low,2.0NRT,303.36,2.56,D,VIIRS,3,Agricultural Plains
22.7711,75.34428,330.64,0.39,0.36,2026-09-21,818,N,low,2.0NRT,302.01,1.18,D,VIIRS,3,Agricultural Plains
22.94425,75.89148,330.11,0.38,0.36,2026-09-21,818,N,low,2.0NRT,302.73,2.13,D,VIIRS,3,Agricultural Plains
22.88176,75.44677,330.89,0.39,0.36,2026-09-21,818,N,low,2.0NRT,302.03,3.81,D,VIIRS,3,Agricultural Plains
22.94285,75.73074,338.94,0.38,0.36,2026-09-21,818,N,nominal,2.0NRT,302.75,3.8,D,VIIRS,3,Agricultural Plains
23.23625,75.98862,330.03,0.38,0.36,2026-09-21,818,N,low,2.0NRT,303.16,2.2,D,VIIRS,3,Agricultural Plains
27.30935,82.76711,331.86,0.54,0.51,2026-09-21,820,N,nominal,2.0NRT,291.68,9.17,D,VIIRS,3,Agricultural Plains
28.06107,77.68706,334.4,0.45,0.39,2026-09-21,820,N,nominal,2.0NRT,299.48,3.77,D,VIIRS,3,Agricultural Plains
28.06335,77.6835,340.51,0.45,0.39,2026-09-21,820,N,nominal,2.0NRT,298.12,4.15,D,VIIRS,3,Agricultural Plains
27.83533,75.0683,330.62,0.39,0.36,2026-09-21,820,N,low,2.0NRT,304.81,1.22,D,VIIRS,3,Agricultural Plains
28.73018,77.2591,333.06,0.44,0.38,2026-09-21,820,N,nominal,2.0NRT,302.12,1.51,D,VIIRS,3,Agricultural Plains
29.58856,76.99125,330.62,0.43,0.38,2026-09-21,820,N,nominal,2.0NRT,300.0,3.29,D,VIIRS,3,Agricultural Plains
29.58877,76.99303,333.33,0.43,0.38,2026-09-21,820,N,nominal,2.0NRT,300.23,2.82,D,VIIRS,3,Agricultural Plains
30.50016,76.93479,338.62,0.44,0.38,2026-09-21,820,N,nominal,2.0NRT,301.36,5.3,D,VIIRS,3,Agricultural Plains
30.50368,76.93418,336.89,0.44,0.38,2026-09-21,820,N,nominal,2.0NRT,299.1,5.3,D,VIIRS,3,Agricultural Plains
30.59048,76.77258,333.95,0.43,0.38,2026-09-21,820,N,nominal,2.0NRT,300.66,5.72,D,VIIRS,3,Agricultural Plains
31.30233,75.1265,331.86,0.4,0.37,2026-09-21,822,N,nominal,2.0NRT,300.82,2.53,D,VIIRS,3,Agricultural Plains
31.40234,75.215,332.99,0.4,0.37,2026-09-21,822,N,nominal,2.0NRT,300.81,2.33,D,VIIRS,3,Agricultural Plains
31.60312,75.03194,345.35,0.4,0.37,2026-09-21,822,N,nominal,2.0NRT,304.02,3.77,D,VIIRS,3,Agricultural Plains
31.69464,75.28987,330.19,0.4,0.37,2026-09-21,822,N,nominal,2.0NRT,299.32,1.73,D,VIIRS,3,Agricultural Plains
31.7096,75.04677,335.33,0.4,0.37,2026-09-21,822,N,nominal,2.0NRT,303.45,4.63,D,VIIRS,3,Agricultural Plains
31.79288,75.02636,335.72,0.4,0.37,2026-09-21,822,N,nominal,2.0NRT,302.62,3.36,D,VIIRS,3,Agricultural Plains
31.86499,75.11228,333.03,0.4,0.37,2026-09-21,822,N,nominal,2.0NRT,300.11,2.44,D,VIIRS,3,Agricultural Plains
25.54515,91.23645,302.17,0.43,0.62,2026-09-21,1904,N,nominal,2.0NRT,285.37,0.61,N,VIIRS,3,Agricultural Plains
25.54457,91.23431,297.31,0.43,0.62,2026-09-21,1904,N,nominal,2.0NRT,285.01,0.5,N,VIIRS,3,Agricultural Plains
25.5442,91.23865,298.01,0.43,0.62,2026-09-21,1904,N,nominal,2.0NRT,285.12,0.5,N,VIIRS,3,Agricultural Plains
24.11254,86.86145,303.34,0.77,0.78,2026-09-21,1906,N,nominal,2.0NRT,286.04,1.61,N,VIIRS,3,Agricultural Plains
23.61509,86.79058,299.68,0.77,0.78,2026-09-21,1906,N,nominal,2.0NRT,279.26,3.12,N,VIIRS,3,Agricultural Plains
31.25871,76.92288,302.69,0.4,0.37,2026-09-21,2044,N,nominal,2.0NRT,290.62,0.65,N,VIIRS,3,Agricultural Plains
31.25075,76.93011,305.54,0.4,0.37,2026-09-21,2044,N,nominal,2.0NRT,290.97,0.33,N,VIIRS,3,Agricultural Plains
30.36275,77.82179,306.73,0.39,0.36,2026-09-21,2044,N,nominal,2.0NRT,293.19,0.46,N,VIIRS,3,Agricultural Plains
29.45513,76.86785,306.59,0.39,0.36,2026-09-21,2046,N,nominal,2.0NRT,296.38,1.07,N,VIIRS,3,Agricultural Plains
29.12581,75.77995,308.24,0.41,0.37,2026-09-21,2046,N,nominal,2.0NRT,296.42,0.82,N,VIIRS,3,Agricultural Plains
29.12238,75.77932,307.06,0.41,0.37,2026-09-21,2046,N,nominal,2.0NRT,295.82,0.49,N,VIIRS,3,Agricultural Plains
28.67078,77.56784,309.43,0.38,0.36,2026-09-21,2046,N,nominal,2.0NRT,295.14,0.81,N,VIIRS,3,Agricultural Plains
28.37211,77.22575,318.87,0.39,0.36,2026-09-21,2046,N,nominal,2.0NRT,295.29,1.64,N,VIIRS,3,Agricultural Plains
28.3468,77.25704,308.74,0.39,0.36,2026-09-21,2046,N,nominal,2.0NRT,295.76,1.03,N,VIIRS,3,Agricultural Plains
28.2758,77.27523,306.18,0.39,0.36,2026-09-21,2046,N,nominal,2.0NRT,295.56,0.61,N,VIIRS,3,Agricultural Plains
26.75973,83.20072,306.28,0.4,0.45,2026-09-21,2046,N,nominal,2.0NRT,291.29,0.82,N,VIIRS,3,Agricultural Plains
27.66868,76.1311,314.59,0.4,0.37,2026-09-21,2046,N,nominal,2.0NRT,297.06,1.89,N,VIIRS,3,Agricultural Plains
25.0379,87.38733,305.21,0.39,0.59,2026-09-21,2046,N,nominal,2.0NRT,288.76,1.07,N,VIIRS,3,Agricultural Plains
26.64305,79.479,306.44,0.41,0.37,2026-09-21,2046,N,nominal,2.0NRT,293.27,0.87,N,VIIRS,3,Agricultural Plains
26.63097,79.52794,312.26,0.42,0.37,2026-09-21,2046,N,nominal,2.0NRT,294.2,1.04,N,VIIRS,3,Agricultural Plains
26.70348,77.84853,313.5,0.39,0.36,2026-09-21,2046,N,nominal,2.0NRT,295.19,1.19,N,VIIRS,3,Agricultural Plains
23.66994,86.93687,312.54,0.39,0.59,2026-09-21,2046,N,nominal,2.0NRT,275.08,1.3,N,VIIRS,3,Agricultural Plains
23.80462,86.32816,323.43,0.35,0.57,2026-09-21,2046,N,nominal,2.0NRT,288.41,2.28,N,VIIRS,3,Agricultural Plains
23.80384,86.33157,326.61,0.35,0.57,2026-09-21,2046,N,nominal,2.0NRT,288.5,2.87,N,VIIRS,3,Agricultural Plains
23.80539,86.32478,310.38,0.35,0.57,2026-09-21,2046,N,nominal,2.0NRT,287.83,2.28,N,VIIRS,3,Agricultural Plains
23.79908,86.3524,310.42,0.36,0.57,2026-09-21,2046,N,nominal,2.0NRT,287.55,0.92,N,VIIRS,3,Agricultural Plains
23.80022,86.32341,306.95,0.35,0.57,2026-09-21,2046,N,nominal,2.0NRT,287.66,1.16,N,VIIRS,3,Agricultural Plains
23.79389,86.35106,315.02,0.36,0.57,2026-09-21,2046,N,nominal,2.0NRT,287.71,0.94,N,VIIRS,3,Agricultural Plains
23.79311,86.35448,303.71,0.36,0.57,2026-09-21,2046,N,nominal,2.0NRT,287.39,0.94,N,VIIRS,3,Agricultural Plains
23.78316,86.37389,310.69,0.36,0.57,2026-09-21,2046,N,nominal,2.0NRT,286.91,0.97,N,VIIRS,3,Agricultural Plains
23.77999,86.38766,304.3,0.36,0.57,2026-09-21,2046,N,nominal,2.0NRT,286.57,0.78,N,VIIRS,3,Agricultural Plains
23.8046,86.32846,323.13,0.35,0.57,2026-09-21,2046,N,nominal,2.0NRT,288.56,2.25,N,VIIRS,3,Agricultural Plains
23.80384,86.33189,327.9,0.35,0.57,2026-09-21,2046,N,nominal,2.0NRT,288.26,3.0,N,VIIRS,3,Agricultural Plains
23.80534,86.32508,311.25,0.35,0.57,2026-09-21,2046,N,nominal,2.0NRT,288.11,2.25,N,VIIRS,3,Agricultural Plains
23.66867,86.9376,306.77,0.39,0.59,2026-09-21,2046,N,nominal,2.0NRT,272.15,1.82,N,VIIRS,3,Agricultural Plains
23.79403,86.35143,320.76,0.36,0.57,2026-09-21,2046,N,nominal,2.0NRT,287.4,2.3,N,VIIRS,3,Agricultural Plains
23.80017,86.32369,305.95,0.35,0.57,2026-09-21,2046,N,nominal,2.0NRT,287.51,0.93,N,VIIRS,3,Agricultural Plains
23.78346,86.37431,308.74,0.36,0.57,2026-09-21,2046,N,nominal,2.0NRT,286.55,0.81,N,VIIRS,3,Agricultural Plains
23.78518,86.34183,313.56,0.36,0.57,2026-09-21,2046,N,nominal,2.0NRT,286.55,1.71,N,VIIRS,3,Agricultural Plains
23.77846,86.34739,306.75,0.36,0.57,2026-09-21,2046,N,nominal,2.0NRT,286.33,1.01,N,VIIRS,3,Agricultural Plains
23.77538,86.36122,306.19,0.36,0.57,2026-09-21,2046,N,nominal,2.0NRT,286.22,0.98,N,VIIRS,3,Agricultural Plains
23.77461,86.36465,310.09,0.36,0.57,2026-09-21,2046,N,nominal,2.0NRT,286.64,0.98,N,VIIRS,3,Agricultural Plains
23.76761,86.39608,304.44,0.36,0.57,2026-09-21,2046,N,nominal,2.0NRT,285.48,1.29,N,VIIRS,3,Agricultural Plains
23.76607,86.40302,306.15,0.36,0.57,2026-09-21,2046,N,nominal,2.0NRT,284.52,0.78,N,VIIRS,3,Agricultural Plains
23.76086,86.40163,316.56,0.36,0.57,2026-09-21,2046,N,nominal,2.0NRT,285.36,1.15,N,VIIRS,3,Agricultural Plains
23.7601,86.40505,312.42,0.36,0.57,2026-09-21,2046,N,nominal,2.0NRT,285.64,1.15,N,VIIRS,3,Agricultural Plains
23.75487,86.40376,308.02,0.36,0.57,2026-09-21,2046,N,nominal,2.0NRT,285.18,1.15,N,VIIRS,3,Agricultural Plains
23.73737,86.43261,324.22,0.36,0.57,2026-09-21,2046,N,nominal,2.0NRT,284.89,1.98,N,VIIRS,3,Agricultural Plains
23.73657,86.43615,308.89,0.36,0.57,2026-09-21,2046,N,nominal,2.0NRT,284.9,1.98,N,VIIRS,3,Agricultural Plains
23.78185,86.20965,333.78,0.35,0.57,2026-09-21,2046,N,nominal,2.0NRT,289.23,1.54,N,VIIRS,3,Agricultural Plains
23.77668,86.2084,307.46,0.35,0.57,2026-09-21,2046,N,nominal,2.0NRT,288.05,1.54,N,VIIRS,3,Agricultural Plains
23.77592,86.21179,305.48,0.35,0.57,2026-09-21,2046,N,nominal,2.0NRT,287.93,1.54,N,VIIRS,3,Agricultural Plains
23.77457,86.19354,308.85,0.35,0.57,2026-09-21,2046,N,nominal,2.0NRT,288.44,1.29,N,VIIRS,3,Agricultural Plains
23.77381,86.19691,313.29,0.35,0.57,2026-09-21,2046,N,nominal,2.0NRT,288.23,1.29,N,VIIRS,3,Agricultural Plains
23.77934,86.14801,302.93,0.35,0.56,2026-09-21,2046,N,nominal,2.0NRT,287.31,0.36,N,VIIRS,3,Agricultural Plains
23.71172,86.44823,314.62,0.36,0.58,2026-09-21,2046,N,nominal,2.0NRT,281.4,1.3,N,VIIRS,3,Agricultural Plains
23.71093,86.45173,304.08,0.36,0.58,2026-09-21,2046,N,nominal,2.0NRT,281.08,1.3,N,VIIRS,3,Agricultural Plains
23.56063,87.08394,296.59,0.4,0.6,2026-09-21,2046,N,nominal,2.0NRT,259.19,1.56,N,VIIRS,3,Agricultural Plains
23.77516,85.99851,303.82,0.34,0.56,2026-09-21,2046,N,nominal,2.0NRT,287.89,1.04,N,VIIRS,3,Agricultural Plains
23.68555,86.39312,315.26,0.36,0.57,2026-09-21,2046,N,nominal,2.0NRT,280.54,1.55,N,VIIRS,3,Agricultural Plains
23.68476,86.39655,304.04,0.36,0.57,2026-09-21,2046,N,nominal,2.0NRT,279.89,0.91,N,VIIRS,3,Agricultural Plains
23.68032,86.39185,302.49,0.36,0.57,2026-09-21,2046,N,nominal,2.0NRT,278.27,1.55,N,VIIRS,3,Agricultural Plains
23.67953,86.39527,308.35,0.36,0.57,2026-09-21,2046,N,nominal,2.0NRT,277.73,0.91,N,VIIRS,3,Agricultural Plains
23.67873,86.39877,306.16,0.36,0.57,2026-09-21,2046,N,nominal,2.0NRT,278.16,0.91,N,VIIRS,3,Agricultural Plains
23.67792,86.40232,302.91,0.36,0.57,2026-09-21,2046,N,nominal,2.0NRT,277.94,0.62,N,VIIRS,3,Agricultural Plains
23.67349,86.39754,300.15,0.36,0.57,2026-09-21,2046,N,nominal,2.0NRT,276.37,0.43,N,VIIRS,3,Agricultural Plains
23.77361,85.9988,305.42,0.34,0.56,2026-09-21,2046,N,nominal,2.0NRT,287.42,0.95,N,VIIRS,3,Agricultural Plains
23.68668,86.39449,309.77,0.36,0.57,2026-09-21,2046,N,nominal,2.0NRT,279.93,1.78,N,VIIRS,3,Agricultural Plains
23.68145,86.3932,307.53,0.36,0.57,2026-09-21,2046,N,nominal,2.0NRT,277.69,1.78,N,VIIRS,3,Agricultural Plains
23.68069,86.39666,305.16,0.36,0.57,2026-09-21,2046,N,nominal,2.0NRT,277.37,1.18,N,VIIRS,3,Agricultural Plains
23.6799,86.40021,302.12,0.36,0.57,2026-09-21,2046,N,nominal,2.0NRT,277.23,1.18,N,VIIRS,3,Agricultural Plains
23.67622,86.39191,303.42,0.36,0.57,2026-09-21,2046,N,nominal,2.0NRT,276.37,1.13,N,VIIRS,3,Agricultural Plains
23.67545,86.3954,302.11,0.36,0.57,2026-09-21,2046,N,nominal,2.0NRT,276.35,0.98,N,VIIRS,3,Agricultural Plains
23.67467,86.39892,303.05,0.36,0.57,2026-09-21,2046,N,nominal,2.0NRT,276.31,0.98,N,VIIRS,3,Agricultural Plains
23.75758,85.85251,311.56,0.33,0.55,2026-09-21,2046,N,nominal,2.0NRT,287.87,1.02,N,VIIRS,3,Agricultural Plains
23.75688,85.85571,306.67,0.33,0.55,2026-09-21,2046,N,nominal,2.0NRT,288.25,1.02,N,VIIRS,3,Agricultural Plains
23.82514,85.49701,303.9,0.63,0.54,2026-09-21,2046,N,nominal,2.0NRT,289.16,1.85,N,VIIRS,3,Agricultural Plains
23.69781,86.07372,312.26,0.34,0.56,2026-09-21,2046,N,nominal,2.0NRT,286.72,0.96,N,VIIRS,3,Agricultural Plains
23.69706,86.07708,309.0,0.34,0.56,2026-09-21,2046,N,nominal,2.0NRT,286.87,0.96,N,VIIRS,3,Agricultural Plains
23.68237,86.09437,306.12,0.34,0.56,2026-09-21,2046,N,nominal,2.0NRT,286.9,1.3,N,VIIRS,3,Agricultural Plains
23.67877,86.08624,312.26,0.34,0.56,2026-09-21,2046,N,nominal,2.0NRT,287.2,1.92,N,VIIRS,3,Agricultural Plains
23.6327,86.29122,304.04,0.36,0.57,2026-09-21,2046,N,nominal,2.0NRT,273.96,0.88,N,VIIRS,3,Agricultural Plains
23.63192,86.29471,304.19,0.36,0.57,2026-09-21,2046,N,nominal,2.0NRT,274.4,0.86,N,VIIRS,3,Agricultural Plains
23.67668,86.07144,303.78,0.34,0.56,2026-09-21,2046,N,nominal,2.0NRT,286.95,0.34,N,VIIRS,3,Agricultural Plains
23.78689,85.55251,308.37,0.64,0.54,2026-09-21,2046,N,nominal,2.0NRT,288.03,2.03,N,VIIRS,3,Agricultural Plains
23.7817,85.57599,305.46,0.32,0.54,2026-09-21,2046,N,nominal,2.0NRT,288.45,1.1,N,VIIRS,3,Agricultural Plains
23.66631,86.09352,303.78,0.34,0.56,2026-09-21,2046,N,nominal,2.0NRT,286.25,0.69,N,VIIRS,3,Agricultural Plains
23.69627,85.37206,313.58,0.62,0.54,2026-09-21,2046,N,nominal,2.0NRT,287.97,2.37,N,VIIRS,3,Agricultural Plains
23.69617,85.37157,313.54,0.62,0.54,2026-09-21,2046,N,nominal,2.0NRT,287.72,3.0,N,VIIRS,3,Agricultural Plains
23.65641,85.50858,311.05,0.32,0.54,2026-09-21,2046,N,nominal,2.0NRT,286.71,1.62,N,VIIRS,3,Agricultural Plains
23.65097,85.43726,303.01,0.63,0.54,2026-09-21,2046,N,nominal,2.0NRT,286.92,1.01,N,VIIRS,3,Agricultural Plains
24.2066,82.70848,305.36,0.42,0.45,2026-09-21,2046,N,nominal,2.0NRT,289.77,1.48,N,VIIRS,3,Agricultural Plains
24.19675,82.71458,314.26,0.42,0.45,2026-09-21,2046,N,nominal,2.0NRT,289.39,2.77,N,VIIRS,3,Agricultural Plains
22.05151,88.1259,300.53,0.5,0.66,2026-09-21,2046,N,nominal,2.0NRT,270.5,0.85,N,VIIRS,3,Agricultural Plains
23.16614,82.34349,322.52,0.42,0.45,2026-09-21,2046,N,nominal,2.0NRT,286.2,1.79,N,VIIRS,3,Agricultural Plains
23.16695,82.33942,316.85,0.42,0.45,2026-09-21,2046,N,nominal,2.0NRT,286.54,1.79,N,VIIRS,3,Agricultural Plains
23.16364,82.33437,310.07,0.42,0.45,2026-09-21,2046,N,nominal,2.0NRT,285.81,1.38,N,VIIRS,3,Agricultural Plains
23.16281,82.33857,304.69,0.42,0.45,2026-09-21,2046,N,nominal,2.0NRT,285.81,1.79,N,VIIRS,3,Agricultural Plains
22.33271,82.60463,304.17,0.45,0.47,2026-09-21,2046,N,nominal,2.0NRT,287.43,1.21,N,VIIRS,3,Agricultural Plains
22.32258,82.58869,317.23,0.45,0.47,2026-09-21,2046,N,nominal,2.0NRT,287.66,2.56,N,VIIRS,3,Agricultural Plains
22.35836,82.30141,329.85,0.43,0.46,2026-09-21,2046,N,nominal,2.0NRT,287.87,2.21,N,VIIRS,3,Agricultural Plains
22.35754,82.30553,303.12,0.43,0.46,2026-09-21,2046,N,nominal,2.0NRT,286.55,2.21,N,VIIRS,3,Agricultural Plains
22.35834,82.30303,332.32,0.43,0.46,2026-09-21,2046,N,nominal,2.0NRT,288.29,3.2,N,VIIRS,3,Agricultural Plains
22.04281,83.72684,304.69,0.53,0.5,2026-09-21,2046,N,nominal,2.0NRT,286.66,1.32,N,VIIRS,3,Agricultural Plains
22.04176,83.73196,305.27,0.53,0.5,2026-09-21,2046,N,nominal,2.0NRT,286.38,1.32,N,VIIRS,3,Agricultural Plains
22.03719,83.7308,303.75,0.53,0.5,2026-09-21,2046,N,nominal,2.0NRT,286.95,1.32,N,VIIRS,3,Agricultural Plains
22.01817,83.75312,303.43,0.53,0.5,2026-09-21,2046,N,nominal,2.0NRT,286.15,1.04,N,VIIRS,3,Agricultural Plains
22.01358,83.75202,302.97,0.53,0.5,2026-09-21,2046,N,nominal,2.0NRT,285.23,1.04,N,VIIRS,3,Agricultural Plains
21.9658,83.77306,304.11,0.54,0.51,2026-09-21,2046,N,nominal,2.0NRT,283.95,1.68,N,VIIRS,3,Agricultural Plains
21.92501,83.35303,305.44,0.51,0.49,2026-09-21,2046,N,nominal,2.0NRT,284.91,2.96,N,VIIRS,3,Agricultural Plains
21.92052,83.352,320.99,0.51,0.49,2026-09-21,2046,N,nominal,2.0NRT,285.65,2.96,N,VIIRS,3,Agricultural Plains
21.92469,83.35132,307.69,0.51,0.49,2026-09-21,2046,N,nominal,2.0NRT,284.73,2.03,N,VIIRS,3,Agricultural Plains
21.9202,83.35027,320.46,0.51,0.49,2026-09-21,2046,N,nominal,2.0NRT,285.49,3.67,N,VIIRS,3,Agricultural Plains
22.15497,82.09354,304.19,0.42,0.45,2026-09-21,2046,N,nominal,2.0NRT,286.73,1.12,N,VIIRS,3,Agricultural Plains
22.00558,82.67285,306.56,0.46,0.47,2026-09-21,2046,N,nominal,2.0NRT,285.21,0.81,N,VIIRS,3,Agricultural Plains
21.76105,83.84766,297.46,0.55,0.51,2026-09-21,2046,N,nominal,2.0NRT,258.58,0.74,N,VIIRS,3,Agricultural Plains
21.75751,83.84128,295.62,0.55,0.51,2026-09-21,2046,N,nominal,2.0NRT,259.95,0.74,N,VIIRS,3,Agricultural Plains
21.74715,83.84424,305.54,0.55,0.51,2026-09-21,2046,N,nominal,2.0NRT,259.53,2.23,N,VIIRS,3,Agricultural Plains
21.74252,83.84306,295.26,0.55,0.51,2026-09-21,2046,N,nominal,2.0NRT,260.05,0.96,N,VIIRS,3,Agricultural Plains
21.32372,81.57734,302.94,0.41,0.45,2026-09-21,2046,N,nominal,2.0NRT,289.24,1.3,N,VIIRS,3,Agricultural Plains
21.33846,78.97131,305.76,0.45,0.39,2026-09-21,2049,N,nominal,2.0NRT,290.13,0.7,N,VIIRS,3,Agricultural Plains
21.33566,78.9663,308.0,0.45,0.39,2026-09-21,2049,N,nominal,2.0NRT,290.24,1.03,N,VIIRS,3,Agricultural Plains
21.24838,79.20966,312.23,0.46,0.39,2026-09-21,2049,N,nominal,2.0NRT,286.42,1.31,N,VIIRS,3,Agricultural Plains
21.24602,79.22286,309.36,0.46,0.39,2026-09-21,2049,N,nominal,2.0NRT,288.53,1.97,N,VIIRS,3,Agricultural Plains
21.24086,79.23096,304.8,0.46,0.39,2026-09-21,2049,N,nominal,2.0NRT,288.58,0.74,N,VIIRS,3,Agricultural Plains
20.7069,78.62156,325.66,0.44,0.38,2026-09-21,2049,N,nominal,2.0NRT,290.77,1.61,N,VIIRS,3,Agricultural Plains
20.70339,78.62085,312.4,0.44,0.38,2026-09-21,2049,N,nominal,2.0NRT,291.01,1.61,N,VIIRS,3,Agricultural Plains
20.69692,78.63698,305.62,0.44,0.38,2026-09-21,2049,N,nominal,2.0NRT,290.95,1.1,N,VIIRS,3,Agricultural Plains
21.01187,75.8149,316.41,0.38,0.36,2026-09-21,2049,N,nominal,2.0NRT,288.16,0.61,N,VIIRS,3,Agricultural Plains
22.04179,83.72925,329.56,0.44,0.38,2026-09-22,801,N,nominal,2.0NRT,287.54,6.7,D,VIIRS,3,Agricultural Plains
22.32229,82.59002,332.73,0.41,0.37,2026-09-22,801,N,nominal,2.0NRT,287.3,2.58,D,VIIRS,3,Agricultural Plains
22.35829,82.30475,338.12,0.4,0.37,2026-09-22,801,N,nominal,2.0NRT,298.11,5.83,D,VIIRS,3,Agricultural Plains
22.35773,82.30088,334.49,0.4,0.37,2026-09-22,801,N,nominal,2.0NRT,295.16,5.83,D,VIIRS,3,Agricultural Plains
21.80369,75.58145,332.35,0.39,0.44,2026-09-22,801,N,nominal,2.0NRT,298.01,2.7,D,VIIRS,3,Agricultural Plains
23.1648,82.34029,330.31,0.4,0.37,2026-09-22,801,N,nominal,2.0NRT,292.31,3.28,D,VIIRS,3,Agricultural Plains
23.78018,86.21159,341.77,0.41,0.45,2026-09-22,801,N,nominal,2.0NRT,295.28,6.74,D,VIIRS,3,Agricultural Plains
23.80289,86.33267,337.64,0.42,0.45,2026-09-22,801,N,nominal,2.0NRT,295.46,6.61,D,VIIRS,3,Agricultural Plains
23.8024,86.32857,340.54,0.42,0.45,2026-09-22,801,N,nominal,2.0NRT,295.86,4.92,D,VIIRS,3,Agricultural Plains
23.80193,86.32452,339.05,0.42,0.45,2026-09-22,801,N,nominal,2.0NRT,294.9,4.92,D,VIIRS,3,Agricultural Plains
25.60174,81.36993,334.0,0.4,0.37,2026-09-22,801,N,nominal,2.0NRT,296.12,2.8,D,VIIRS,3,Agricultural Plains
26.42662,80.35898,344.56,0.39,0.36,2026-09-22,801,N,nominal,2.0NRT,299.96,3.8,D,VIIRS,3,Agricultural Plains
27.11756,81.2395,349.55,0.4,0.37,2026-09-22,803,N,nominal,2.0NRT,299.07,9.22,D,VIIRS,3,Agricultural Plains
27.58669,77.46663,339.9,0.41,0.37,2026-09-22,803,N,nominal,2.0NRT,301.39,4.5,D,VIIRS,3,Agricultural Plains
27.98707,77.80803,336.38,0.4,0.37,2026-09-22,803,N,nominal,2.0NRT,303.35,2.81,D,VIIRS,3,Agricultural Plains
28.08182,77.72206,339.87,0.4,0.37,2026-09-22,803,N,nominal,2.0NRT,300.47,4.38,D,VIIRS,3,Agricultural Plains
28.10137,77.60917,333.83,0.4,0.37,2026-09-22,803,N,nominal,2.0NRT,301.8,2.59,D,VIIRS,3,Agricultural Plains
28.1074,77.62468,334.0,0.4,0.37,2026-09-22,803,N,nominal,2.0NRT,302.67,4.15,D,VIIRS,3,Agricultural Plains
28.36004,78.75585,330.25,0.39,0.36,2026-09-22,803,N,nominal,2.0NRT,298.61,2.71,D,VIIRS,3,Agricultural Plains
28.64143,80.14547,332.49,0.39,0.36,2026-09-22,803,N,nominal,2.0NRT,298.66,2.43,D,VIIRS,3,Agricultural Plains
28.63658,78.55211,338.31,0.39,0.36,2026-09-22,803,N,nominal,2.0NRT,298.65,4.28,D,VIIRS,3,Agricultural Plains
28.63026,77.77587,331.87,0.4,0.37,2026-09-22,803,N,low,2.0NRT,303.28,1.76,D,VIIRS,3,Agricultural Plains
29.13253,75.77234,334.64,0.45,0.39,2026-09-22,803,N,low,2.0NRT,308.7,4.2,D,VIIRS,3,Agricultural Plains
29.24799,75.70438,331.18,0.45,0.39,2026-09-22,803,N,low,2.0NRT,304.41,2.5,D,VIIRS,3,Agricultural Plains
29.25152,75.70355,346.86,0.45,0.39,2026-09-22,803,N,nominal,2.0NRT,305.15,7.0,D,VIIRS,3,Agricultural Plains
30.22848,76.19668,340.79,0.42,0.38,2026-09-22,803,N,nominal,2.0NRT,305.92,28.31,D,VIIRS,3,Agricultural Plains
30.60375,76.83249,332.38,0.4,0.37,2026-09-22,803,N,nominal,2.0NRT,304.75,2.63,D,VIIRS,3,Agricultural Plains
29.26401,91.92612,295.54,0.61,0.54,2026-09-22,2025,N,nominal,2.0NRT,281.66,2.19,N,VIIRS,3,Agricultural Plains
29.37544,91.15176,302.52,0.55,0.51,2026-09-22,2025,N,nominal,2.0NRT,280.66,1.18,N,VIIRS,3,Agricultural Plains
31.26024,76.9229,301.2,0.42,0.45,2026-09-22,2025,N,nominal,2.0NRT,291.08,0.53,N,VIIRS,3,Agricultural Plains
29.22342,88.34969,297.98,0.38,0.44,2026-09-22,2025,N,nominal,2.0NRT,279.96,1.12,N,VIIRS,3,Agricultural Plains
28.78234,76.94443,305.6,0.39,0.44,2026-09-22,2025,N,nominal,2.0NRT,295.45,0.47,N,VIIRS,3,Agricultural Plains
28.77306,76.69802,308.73,0.4,0.44,2026-09-22,2025,N,nominal,2.0NRT,296.21,1.49,N,VIIRS,3,Agricultural Plains
28.74325,76.92624,307.83,0.39,0.44,2026-09-22,2025,N,nominal,2.0NRT,295.76,0.85,N,VIIRS,3,Agricultural Plains
28.71062,76.85635,311.54,0.39,0.44,2026-09-22,2025,N,nominal,2.0NRT,296.58,1.55,N,VIIRS,3,Agricultural Plains
28.34573,77.25457,307.19,0.56,0.43,2026-09-22,2025,N,nominal,2.0NRT,296.66,1.32,N,VIIRS,3,Agricultural Plains
26.76047,83.19804,306.88,0.39,0.36,2026-09-22,2025,N,nominal,2.0NRT,286.82,0.83,N,VIIRS,3,Agricultural Plains
26.75866,83.19894,309.24,0.39,0.36,2026-09-22,2025,N,nominal,2.0NRT,286.63,1.31,N,VIIRS,3,Agricultural Plains
26.64145,79.47942,319.19,0.43,0.38,2026-09-22,2025,N,nominal,2.0NRT,291.62,1.69,N,VIIRS,3,Agricultural Plains
24.92181,84.15652,302.72,0.43,0.38,2026-09-22,2027,N,nominal,2.0NRT,279.74,0.37,N,VIIRS,3,Agricultural Plains
24.11636,86.85889,299.53,0.39,0.44,2026-09-22,2027,N,nominal,2.0NRT,270.6,0.8,N,VIIRS,3,Agricultural Plains
23.6661,87.1612,301.87,0.41,0.45,2026-09-22,2027,N,nominal,2.0NRT,279.11,1.38,N,VIIRS,3,Agricultural Plains
23.6636,87.15228,301.85,0.41,0.45,2026-09-22,2027,N,nominal,2.0NRT,278.98,1.14,N,VIIRS,3,Agricultural Plains
23.6628,87.15627,307.88,0.41,0.45,2026-09-22,2027,N,nominal,2.0NRT,279.35,1.38,N,VIIRS,3,Agricultural Plains
23.66947,86.93599,302.5,0.4,0.44,2026-09-22,2027,N,nominal,2.0NRT,280.48,0.82,N,VIIRS,3,Agricultural Plains
23.51768,87.27235,299.68,0.42,0.45,2026-09-22,2027,N,nominal,2.0NRT,279.55,0.76,N,VIIRS,3,Agricultural Plains
24.20443,82.7112,300.78,0.4,0.37,2026-09-22,2027,N,nominal,2.0NRT,278.2,1.2,N,VIIRS,3,Agricultural Plains
24.19646,82.71751,311.08,0.4,0.37,2026-09-22,2027,N,nominal,2.0NRT,277.44,1.22,N,VIIRS,3,Agricultural Plains
24.18209,82.65876,299.72,0.39,0.37,2026-09-22,2027,N,nominal,2.0NRT,276.35,0.73,N,VIIRS,3,Agricultural Plains
24.18069,82.64651,297.66,0.39,0.36,2026-09-22,2027,N,nominal,2.0NRT,276.61,0.63,N,VIIRS,3,Agricultural Plains
22.79051,86.20804,298.83,0.57,0.43,2026-09-22,2027,N,nominal,2.0NRT,277.59,0.86,N,VIIRS,3,Agricultural Plains
22.78867,86.19625,301.51,0.56,0.43,2026-09-22,2027,N,nominal,2.0NRT,281.03,1.17,N,VIIRS,3,Agricultural Plains
22.78762,86.20168,300.24,0.57,0.43,2026-09-22,2027,N,nominal,2.0NRT,280.39,1.17,N,VIIRS,3,Agricultural Plains
22.78658,86.20712,298.92,0.57,0.43,2026-09-22,2027,N,nominal,2.0NRT,278.65,0.99,N,VIIRS,3,Agricultural Plains
22.35982,82.30381,320.8,0.4,0.37,2026-09-22,2027,N,nominal,2.0NRT,273.83,1.67,N,VIIRS,3,Agricultural Plains
22.36046,82.29998,305.73,0.4,0.37,2026-09-22,2027,N,nominal,2.0NRT,272.53,1.5,N,VIIRS,3,Agricultural Plains
22.35647,82.30317,310.67,0.4,0.37,2026-09-22,2027,N,nominal,2.0NRT,272.25,1.53,N,VIIRS,3,Agricultural Plains
21.98676,83.23273,295.01,0.42,0.38,2026-09-22,2027,N,nominal,2.0NRT,264.67,0.7,N,VIIRS,3,Agricultural Plains
20.96889,85.15355,300.09,0.53,0.42,2026-09-22,2027,N,nominal,2.0NRT,271.28,2.45,N,VIIRS,3,Agricultural Plains
21.6728,84.04043,329.34,0.4,0.37,2026-09-23,739,N,nominal,2.0NRT,291.65,3.89,D,VIIRS,3,Agricultural Plains
21.67955,84.03915,334.13,0.4,0.37,2026-09-23,739,N,nominal,2.0NRT,294.64,4.78,D,VIIRS,3,Agricultural Plains
27.51587,78.42472,330.97,0.4,0.44,2026-09-23,741,N,nominal,2.0NRT,299.51,1.66,D,VIIRS,3,Agricultural Plains
27.51616,78.42499,330.05,0.4,0.44,2026-09-23,741,N,nominal,2.0NRT,299.17,1.62,D,VIIRS,3,Agricultural Plains
27.77869,77.67394,341.58,0.43,0.46,2026-09-23,741,N,nominal,2.0NRT,302.25,5.25,D,VIIRS,3,Agricultural Plains
28.92355,79.84691,330.51,0.48,0.4,2026-09-23,741,N,nominal,2.0NRT,296.67,3.88,D,VIIRS,3,Agricultural Plains
28.03601,75.06429,334.31,0.61,0.53,2026-09-23,741,N,low,2.0NRT,307.28,1.24,D,VIIRS,3,Agricultural Plains
29.13685,76.68494,330.54,0.46,0.47,2026-09-23,744,N,nominal,2.0NRT,302.62,2.46,D,VIIRS,3,Agricultural Plains
30.57632,76.99915,336.76,0.42,0.45,2026-09-23,744,N,nominal,2.0NRT,300.94,3.45,D,VIIRS,3,Agricultural Plains
30.51824,77.20013,303.62,0.37,0.58,2026-09-23,2008,N,nominal,2.0NRT,291.76,0.55,N,VIIRS,3,Agricultural Plains
28.8934,78.85721,304.01,0.57,0.52,2026-09-23,2008,N,nominal,2.0NRT,293.6,0.75,N,VIIRS,3,Agricultural Plains
28.74422,76.92708,306.1,0.37,0.58,2026-09-23,2008,N,nominal,2.0NRT,295.77,0.61,N,VIIRS,3,Agricultural Plains
28.65629,77.58827,306.02,0.34,0.56,2026-09-23,2008,N,nominal,2.0NRT,294.57,0.57,N,VIIRS,3,Agricultural Plains
28.71347,76.83268,308.05,0.38,0.59,2026-09-23,2008,N,nominal,2.0NRT,295.68,0.86,N,VIIRS,3,Agricultural Plains
28.21419,77.32272,334.28,0.35,0.57,2026-09-23,2008,N,nominal,2.0NRT,295.36,1.4,N,VIIRS,3,Agricultural Plains
28.20892,77.32211,309.78,0.35,0.57,2026-09-23,2008,N,nominal,2.0NRT,294.72,1.4,N,VIIRS,3,Agricultural Plains
28.17372,76.85616,305.54,0.37,0.58,2026-09-23,2008,N,nominal,2.0NRT,295.19,0.95,N,VIIRS,3,Agricultural Plains
28.03121,76.49477,310.38,0.39,0.59,2026-09-23,2008,N,nominal,2.0NRT,295.19,1.3,N,VIIRS,3,Agricultural Plains
26.64386,79.47805,306.33,0.49,0.49,2026-09-23,2008,N,nominal,2.0NRT,287.46,0.73,N,VIIRS,3,Agricultural Plains
26.63934,79.47744,304.04,0.49,0.49,2026-09-23,2008,N,nominal,2.0NRT,286.49,0.73,N,VIIRS,3,Agricultural Plains
22.06565,83.70436,305.23,0.41,0.37,2026-09-23,2010,N,nominal,2.0NRT,275.49,1.05,N,VIIRS,3,Agricultural Plains
22.04112,83.72858,304.01,0.41,0.37,2026-09-23,2010,N,nominal,2.0NRT,278.76,0.9,N,VIIRS,3,Agricultural Plains
22.04054,83.73252,306.62,0.41,0.37,2026-09-23,2010,N,nominal,2.0NRT,281.23,1.82,N,VIIRS,3,Agricultural Plains
22.03713,83.73196,303.54,0.41,0.37,2026-09-23,2010,N,nominal,2.0NRT,281.55,1.2,N,VIIRS,3,Agricultural Plains
22.01663,83.75273,307.91,0.41,0.37,2026-09-23,2010,N,nominal,2.0NRT,283.73,0.7,N,VIIRS,3,Agricultural Plains
22.01605,83.75665,304.13,0.41,0.37,2026-09-23,2010,N,nominal,2.0NRT,284.08,0.7,N,VIIRS,3,Agricultural Plains
21.96508,83.77345,304.67,0.41,0.37,2026-09-23,2010,N,nominal,2.0NRT,283.88,0.89,N,VIIRS,3,Agricultural Plains
21.98416,83.23089,306.52,0.42,0.38,2026-09-23,2010,N,nominal,2.0NRT,283.37,1.42,N,VIIRS,3,Agricultural Plains
21.92245,83.35098,330.61,0.42,0.38,2026-09-23,2010,N,nominal,2.0NRT,280.36,3.7,N,VIIRS,3,Agricultural Plains
21.919,83.3504,313.01,0.42,0.38,2026-09-23,2010,N,nominal,2.0NRT,277.89,1.66,N,VIIRS,3,Agricultural Plains
21.87668,83.49562,297.98,0.41,0.37,2026-09-23,2010,N,nominal,2.0NRT,273.76,0.46,N,VIIRS,3,Agricultural Plains
21.74899,83.84311,305.73,0.4,0.37,2026-09-23,2010,N,nominal,2.0NRT,277.92,1.27,N,VIIRS,3,Agricultural Plains
21.7456,83.84255,298.09,0.4,0.37,2026-09-23,2010,N,nominal,2.0NRT,278.41,1.61,N,VIIRS,3,Agricultural Plains
21.67838,84.03748,313.72,0.4,0.37,2026-09-23,2010,N,nominal,2.0NRT,284.25,1.86,N,VIIRS,3,Agricultural Plains
22.26427,75.13342,303.88,0.41,0.61,2026-09-23,2010,N,nominal,2.0NRT,288.89,0.98,N,VIIRS,3,Agricultural Plains
22.26721,75.13126,306.53,0.41,0.61,2026-09-23,2010,N,nominal,2.0NRT,291.19,0.68,N,VIIRS,3,Agricultural Plains
31.48955,75.05499,306.21,0.44,0.63,2026-09-23,2148,N,nominal,2.0NRT,292.19,0.58,N,VIIRS,3,Agricultural Plains
26.78875,75.76647,355.4,0.56,0.69,2026-09-24,724,N,nominal,2.0NRT,297.73,7.12,D,VIIRS,3,Agricultural Plains
31.11184,77.4421,327.33,0.36,0.57,2026-09-24,724,N,nominal,2.0NRT,296.76,2.42,D,VIIRS,3,Agricultural Plains
31.41108,75.06441,330.08,0.48,0.65,2026-09-24,907,N,nominal,2.0NRT,295.85,3.52,D,VIIRS,3,Agricultural Plains
28.95065,78.80548,300.9,0.56,0.69,2026-09-24,1947,N,nominal,2.0NRT,288.86,1.19,N,VIIRS,3,Agricultural Plains
31.2576,76.92658,303.12,0.62,0.54,2026-09-24,2127,N,nominal,2.0NRT,289.33,1.14,N,VIIRS,3,Agricultural Plains
31.25717,76.925,299.91,0.62,0.54,2026-09-24,2127,N,nominal,2.0NRT,288.57,1.42,N,VIIRS,3,Agricultural Plains
28.56854,77.55767,299.95,0.38,0.59,2026-09-24,2129,N,nominal,2.0NRT,289.8,0.73,N,VIIRS,3,Agricultural Plains
28.56323,77.55599,302.02,0.38,0.59,2026-09-24,2129,N,nominal,2.0NRT,290.87,0.73,N,VIIRS,3,Agricultural Plains
28.56227,77.55989,301.04,0.38,0.59,2026-09-24,2129,N,nominal,2.0NRT,290.21,0.73,N,VIIRS,3,Agricultural Plains
28.56959,77.54662,300.79,0.38,0.59,2026-09-24,2129,N,nominal,2.0NRT,290.16,1.05,N,VIIRS,3,Agricultural Plains
28.56773,77.55437,302.28,0.38,0.59,2026-09-24,2129,N,nominal,2.0NRT,290.83,1.39,N,VIIRS,3,Agricultural Plains
28.5668,77.55826,301.95,0.38,0.59,2026-09-24,2129,N,nominal,2.0NRT,290.25,1.16,N,VIIRS,3,Agricultural Plains
27.66774,76.12987,305.27,0.33,0.55,2026-09-24,2129,N,nominal,2.0NRT,294.62,1.31,N,VIIRS,3,Agricultural Plains
22.26537,75.13546,299.83,0.38,0.58,2026-09-24,2131,N,nominal,2.0NRT,276.47,0.46,N,VIIRS,3,Agricultural Plains
23.77252,86.19855,299.03,0.34,0.56,2026-09-25,1932,N,nominal,2.0NRT,284.83,1.54,N,VIIRS,3,Agricultural Plains
23.63118,86.29478,298.8,0.33,0.56,2026-09-25,1932,N,nominal,2.0NRT,284.23,0.91,N,VIIRS,3,Agricultural Plains
22.536,91.69836,305.35,0.47,0.4,2026-09-25,1932,N,nominal,2.0NRT,288.58,1.08,N,VIIRS,3,Agricultural Plains
22.63026,86.17858,302.91,0.33,0.55,2026-09-25,1932,N,nominal,2.0NRT,286.99,1.15,N,VIIRS,3,Agricultural Plains
20.9995,86.01266,305.64,0.32,0.55,2026-09-25,1932,N,nominal,2.0NRT,284.19,0.9,N,VIIRS,3,Agricultural Plains
20.9944,86.01208,297.18,0.32,0.55,2026-09-25,1932,N,nominal,2.0NRT,282.48,0.9,N,VIIRS,3,Agricultural Plains
20.96703,86.00244,297.6,0.32,0.55,2026-09-25,1932,N,nominal,2.0NRT,282.59,1.53,N,VIIRS,3,Agricultural Plains
31.25997,76.92519,301.61,0.51,0.41,2026-09-25,2110,N,nominal,2.0NRT,289.02,0.93,N,VIIRS,3,Agricultural Plains
30.81182,76.01755,306.55,0.47,0.4,2026-09-25,2110,N,nominal,2.0NRT,293.34,1.26,N,VIIRS,3,Agricultural Plains
28.34614,77.23,308.85,0.4,0.44,2026-09-25,2110,N,nominal,2.0NRT,291.76,0.7,N,VIIRS,3,Agricultural Plains
28.32293,77.21977,309.11,0.4,0.44,2026-09-25,2110,N,nominal,2.0NRT,292.13,0.61,N,VIIRS,3,Agricultural Plains
27.66809,76.13132,308.5,0.53,0.42,2026-09-25,2110,N,nominal,2.0NRT,294.89,2.38,N,VIIRS,3,Agricultural Plains
23.58972,91.40955,332.69,0.56,0.52,2026-09-26,644,N,nominal,2.0NRT,292.7,5.07,D,VIIRS,3,Agricultural Plains
26.5539,90.5797,330.99,0.55,0.51,2026-09-26,646,N,nominal,2.0NRT,292.04,3.28,D,VIIRS,3,Agricultural Plains
22.48005,75.45055,332.38,0.39,0.36,2026-09-26,826,N,nominal,2.0NRT,304.57,1.66,D,VIIRS,3,Agricultural Plains
22.50838,75.5974,330.51,0.39,0.36,2026-09-26,826,N,low,2.0NRT,302.0,1.37,D,VIIRS,3,Agricultural Plains
22.77287,75.46678,333.85,0.39,0.36,2026-09-26,826,N,nominal,2.0NRT,301.38,1.54,D,VIIRS,3,Agricultural Plains
22.95498,75.74214,331.92,0.4,0.37,2026-09-26,826,N,low,2.0NRT,306.62,1.58,D,VIIRS,3,Agricultural Plains
23.07827,75.67865,334.97,0.4,0.37,2026-09-26,826,N,nominal,2.0NRT,298.29,2.29,D,VIIRS,3,Agricultural Plains
23.09279,75.58939,333.54,0.4,0.37,2026-09-26,826,N,low,2.0NRT,304.78,1.39,D,VIIRS,3,Agricultural Plains
25.5578,76.05056,330.74,0.42,0.38,2026-09-26,826,N,nominal,2.0NRT,298.8,2.16,D,VIIRS,3,Agricultural Plains
28.73252,76.92909,331.28,0.49,0.4,2026-09-26,826,N,nominal,2.0NRT,299.81,3.84,D,VIIRS,3,Agricultural Plains
29.24189,75.82904,331.74,0.44,0.39,2026-09-26,826,N,low,2.0NRT,303.28,5.81,D,VIIRS,3,Agricultural Plains
30.58989,76.90581,330.02,0.51,0.41,2026-09-26,828,N,nominal,2.0NRT,295.0,1.8,D,VIIRS,3,Agricultural Plains
30.6112,75.04105,335.14,0.43,0.38,2026-09-26,828,N,nominal,2.0NRT,301.21,4.64,D,VIIRS,3,Agricultural Plains
30.98959,75.29948,331.8,0.44,0.38,2026-09-26,828,N,nominal,2.0NRT,299.67,3.47,D,VIIRS,3,Agricultural Plains
31.33802,75.02751,333.46,0.43,0.38,2026-09-26,828,N,nominal,2.0NRT,300.87,4.08,D,VIIRS,3,Agricultural Plains
31.33788,75.02445,333.55,0.43,0.38,2026-09-26,828,N,nominal,2.0NRT,301.23,3.58,D,VIIRS,3,Agricultural Plains
31.42388,75.21657,343.52,0.44,0.39,2026-09-26,828,N,nominal,2.0NRT,298.06,5.61,D,VIIRS,3,Agricultural Plains
31.6192,75.28679,334.0,0.45,0.39,2026-09-26,828,N,nominal,2.0NRT,298.8,3.66,D,VIIRS,3,Agricultural Plains
