latitude,longitude,brightness,scan,track,acq_date,acq_time,satellite,confidence,version,bright_t31,frp,daynight,source_sensor,fire_class_id,biome_name
22.38115,87.28025,313.73,1.0,1.0,2026-09-19,304,T,28,6.1NRT,295.92,6.32,D,MODIS,3,Agricultural Plains
22.36236,87.01967,312.34,1.0,1.0,2026-09-19,304,T,61,6.1NRT,295.47,6.49,D,MODIS,3,Agricultural Plains
22.22052,84.75867,312.14,1.1,1.05,2026-09-19,304,T,63,6.1NRT,295.76,6.1,D,MODIS,3,Agricultural Plains
22.03974,83.73628,311.63,1.23,1.1,2026-09-19,304,T,37,6.1NRT,294.79,6.52,D,MODIS,3,Agricultural Plains
21.76206,84.02004,311.36,1.18,1.08,2026-09-19,304,T,58,6.1NRT,293.31,6.36,D,MODIS,3,Agricultural Plains
21.7569,84.02402,310.07,1.18,1.08,2026-09-19,304,T,56,6.1NRT,293.6,5.42,D,MODIS,3,Agricultural Plains
20.96646,86.00654,314.6,1.01,1.0,2026-09-19,304,T,66,6.1NRT,295.54,7.28,D,MODIS,3,Agricultural Plains
20.96515,86.01594,314.78,1.01,1.0,2026-09-19,304,T,66,6.1NRT,296.23,7.5,D,MODIS,3,Agricultural Plains
20.9511,86.05216,315.93,1.01,1.0,2026-09-19,304,T,68,6.1NRT,295.8,8.09,D,MODIS,3,Agricultural Plains
21.08061,85.03307,311.04,1.06,1.03,2026-09-19,304,T,57,6.1NRT,293.86,5.63,D,MODIS,3,Agricultural Plains
20.96017,85.17321,314.27,1.05,1.02,2026-09-19,304,T,54,6.1NRT,294.81,6.86,D,MODIS,3,Agricultural Plains
20.79356,85.25119,310.94,1.04,1.02,2026-09-19,304,T,23,6.1NRT,294.18,4.3,D,MODIS,3,Agricultural Plains
20.79225,85.26087,314.17,1.04,1.02,2026-09-19,304,T,63,6.1NRT,295.07,7.02,D,MODIS,3,Agricultural Plains
28.73567,88.56084,304.92,1.0,1.0,2026-09-19,304,T,31,6.1NRT,288.9,6.79,D,MODIS,3,Agricultural Plains
23.68708,87.12609,311.8,1.0,1.0,2026-09-19,304,T,50,6.1NRT,295.63,4.61,D,MODIS,3,Agricultural Plains
23.6641,87.16128,312.01,1.0,1.0,2026-09-19,304,T,59,6.1NRT,295.17,5.35,D,MODIS,3,Agricultural Plains
23.76114,86.40398,322.85,1.01,1.01,2026-09-19,304,T,78,6.1NRT,296.54,13.31,D,MODIS,3,Agricultural Plains
23.77874,86.20846,314.01,1.02,1.01,2026-09-19,304,T,65,6.1NRT,295.99,7.53,D,MODIS,3,Agricultural Plains
23.73701,86.43362,317.01,1.01,1.01,2026-09-19,304,T,56,6.1NRT,296.28,8.34,D,MODIS,3,Agricultural Plains
23.68801,86.39623,310.46,1.01,1.01,2026-09-19,304,T,0,6.1NRT,295.26,5.09,D,MODIS,3,Agricultural Plains
23.67917,86.39482,309.92,1.01,1.01,2026-09-19,304,T,0,6.1NRT,294.72,4.39,D,MODIS,3,Agricultural Plains
20.79156,85.25499,320.22,1.13,1.06,2026-09-19,956,A,75,6.1NRT,292.38,14.26,D,MODIS,3,Agricultural Plains
20.96504,85.17321,320.76,1.12,1.06,2026-09-19,956,A,44,6.1NRT,296.73,12.92,D,MODIS,3,Agricultural Plains
20.91483,78.23975,312.32,1.6,1.24,2026-09-19,956,A,27,6.1NRT,293.14,9.52,D,MODIS,3,Agricultural Plains
21.37337,77.81451,310.09,1.68,1.27,2026-09-19,956,A,55,6.1NRT,293.93,8.18,D,MODIS,3,Agricultural Plains
21.678,78.03727,310.29,1.6,1.24,2026-09-19,956,A,61,6.1NRT,292.7,8.49,D,MODIS,3,Agricultural Plains
23.16157,82.33663,308.9,1.0,1.0,2026-09-19,956,A,43,6.1NRT,293.08,4.55,D,MODIS,3,Agricultural Plains
23.65145,76.92212,311.33,1.75,1.3,2026-09-19,956,A,54,6.1NRT,294.84,9.63,D,MODIS,3,Agricultural Plains
23.92524,76.70633,311.75,1.79,1.31,2026-09-19,956,A,28,6.1NRT,294.91,11.73,D,MODIS,3,Agricultural Plains
24.60482,76.9808,310.24,1.65,1.26,2026-09-19,956,A,44,6.1NRT,293.63,10.08,D,MODIS,3,Agricultural Plains
24.57694,76.70499,311.35,1.73,1.29,2026-09-19,956,A,66,6.1NRT,293.71,12.73,D,MODIS,3,Agricultural Plains
23.80316,86.33384,300.48,1.1,1.04,2026-09-19,2201,A,20,6.1NRT,280.78,3.56,N,MODIS,3,Agricultural Plains
23.76583,86.40189,301.63,1.09,1.04,2026-09-19,2201,A,34,6.1NRT,272.71,4.85,N,MODIS,3,Agricultural Plains
23.78244,86.21316,303.09,1.11,1.05,2026-09-19,2201,A,53,6.1NRT,285.41,4.92,N,MODIS,3,Agricultural Plains
20.96894,86.01091,306.78,1.07,1.03,2026-09-19,2203,A,66,6.1NRT,290.25,6.06,N,MODIS,3,Agricultural Plains
20.95435,86.04905,305.54,1.06,1.03,2026-09-19,2203,A,61,6.1NRT,290.41,5.06,N,MODIS,3,Agricultural Plains
21.08373,85.04369,309.31,1.18,1.08,2026-09-19,2203,A,76,6.1NRT,290.37,9.35,N,MODIS,3,Agricultural Plains
20.97304,85.17599,308.25,1.16,1.07,2026-09-19,2203,A,38,6.1NRT,290.41,7.07,N,MODIS,3,Agricultural Plains
20.96369,85.1746,306.5,1.16,1.07,2026-09-19,2203,A,30,6.1NRT,290.75,5.76,N,MODIS,3,Agricultural Plains
20.79672,85.25616,306.45,1.14,1.06,2026-09-19,2203,A,67,6.1NRT,290.83,6.43,N,MODIS,3,Agricultural Plains
21.75163,83.84743,310.39,2.29,1.47,2026-09-20,345,T,60,6.1NRT,290.03,16.41,D,MODIS,3,Agricultural Plains
21.75282,83.84095,309.53,2.29,1.47,2026-09-20,345,T,30,6.1NRT,290.04,13.83,D,MODIS,3,Agricultural Plains
29.54836,90.99655,317.26,1.57,1.23,2026-09-20,858,A,70,6.1NRT,293.39,19.95,D,MODIS,3,Agricultural Plains
31.62117,75.05044,315.87,1.39,1.17,2026-09-20,1036,A,66,6.1NRT,302.5,8.43,D,MODIS,3,Agricultural Plains
21.07974,85.04008,308.48,1.15,1.07,2026-09-20,1437,T,60,6.1NRT,283.5,8.77,N,MODIS,3,Agricultural Plains
22.36745,87.2964,305.45,1.0,1.0,2026-09-20,1437,T,32,6.1NRT,290.76,3.6,N,MODIS,3,Agricultural Plains
23.66589,87.15499,307.18,1.0,1.0,2026-09-20,1437,T,66,6.1NRT,289.89,5.36,N,MODIS,3,Agricultural Plains
23.68316,86.39922,304.89,1.0,1.0,2026-09-20,1437,T,62,6.1NRT,291.09,4.05,N,MODIS,3,Agricultural Plains
23.76775,86.40783,307.25,1.0,1.0,2026-09-20,1437,T,53,6.1NRT,291.23,5.55,N,MODIS,3,Agricultural Plains
23.76641,86.39826,312.49,1.0,1.0,2026-09-20,1437,T,85,6.1NRT,291.84,9.2,N,MODIS,3,Agricultural Plains
23.77581,86.21033,306.81,1.01,1.0,2026-09-20,1437,T,57,6.1NRT,292.27,6.33,N,MODIS,3,Agricultural Plains
22.36185,82.30754,306.75,1.37,1.16,2026-09-20,2242,A,69,6.1NRT,291.0,9.37,N,MODIS,3,Agricultural Plains
22.37404,87.28043,315.33,1.03,1.01,2026-09-21,934,A,70,6.1NRT,293.72,8.11,D,MODIS,3,Agricultural Plains
23.80288,86.32141,316.19,1.39,1.17,2026-09-22,323,T,54,6.1NRT,295.15,11.68,D,MODIS,3,Agricultural Plains
23.80064,86.33447,316.9,1.39,1.17,2026-09-22,323,T,58,6.1NRT,295.03,12.62,D,MODIS,3,Agricultural Plains
23.80337,86.32916,319.56,1.39,1.17,2026-09-22,323,T,71,6.1NRT,295.36,16.08,D,MODIS,3,Agricultural Plains
23.75961,86.40238,317.78,1.4,1.17,2026-09-22,323,T,72,6.1NRT,294.93,14.61,D,MODIS,3,Agricultural Plains
23.73239,86.43835,313.78,1.41,1.18,2026-09-22,323,T,35,6.1NRT,294.59,9.11,D,MODIS,3,Agricultural Plains
23.75782,85.85442,311.0,1.3,1.13,2026-09-22,323,T,59,6.1NRT,293.85,7.57,D,MODIS,3,Agricultural Plains
22.2106,84.86958,314.48,1.21,1.09,2026-09-22,323,T,70,6.1NRT,293.92,9.4,D,MODIS,3,Agricultural Plains
21.76344,84.02202,314.93,1.11,1.05,2026-09-22,323,T,41,6.1NRT,293.96,8.88,D,MODIS,3,Agricultural Plains
21.19626,81.41425,319.97,1.0,1.0,2026-09-22,323,T,78,6.1NRT,288.6,13.45,D,MODIS,3,Agricultural Plains
21.19494,81.42363,317.6,1.0,1.0,2026-09-22,323,T,75,6.1NRT,286.85,11.57,D,MODIS,3,Agricultural Plains
31.52943,75.14214,317.84,1.04,1.02,2026-09-22,1015,A,69,6.1NRT,299.4,9.76,D,MODIS,3,Agricultural Plains
31.68173,75.16161,320.12,1.03,1.02,2026-09-22,1015,A,73,6.1NRT,301.36,9.2,D,MODIS,3,Agricultural Plains
31.70098,75.16823,320.52,1.03,1.02,2026-09-22,1015,A,67,6.1NRT,301.95,10.02,D,MODIS,3,Agricultural Plains
22.36235,82.30865,305.71,1.08,1.04,2026-09-22,2218,A,37,6.1NRT,291.32,6.25,N,MODIS,3,Agricultural Plains
31.62975,84.41627,301.27,3.32,1.72,2026-09-23,400,T,23,6.1NRT,284.36,13.01,D,MODIS,3,Agricultural Plains
30.94925,76.82149,313.1,1.13,1.06,2026-09-23,400,T,45,6.1NRT,299.53,7.26,D,MODIS,3,Agricultural Plains
22.03982,76.99017,309.33,1.6,1.25,2026-09-23,402,T,55,6.1NRT,292.93,7.83,D,MODIS,3,Agricultural Plains
21.89955,76.94043,309.01,1.6,1.25,2026-09-23,402,T,54,6.1NRT,292.11,7.57,D,MODIS,3,Agricultural Plains
24.84033,78.07359,311.15,1.85,1.33,2026-09-24,949,A,43,6.1NRT,294.65,12.01,D,MODIS,3,Agricultural Plains
30.60717,76.82268,314.92,1.69,1.28,2026-09-24,952,A,70,6.1NRT,300.35,12.17,D,MODIS,3,Agricultural Plains
30.60769,76.81561,317.19,1.69,1.28,2026-09-24,952,A,73,6.1NRT,300.73,15.27,D,MODIS,3,Agricultural Plains
